Varp of /data_set/feature/v,Column Labels,,,,,,,,,,,,,,,,,,,,,,,,,,,,,,,,,,,,,,,,,,,,,,,,,,,,,,,,,,,,,,
Row Labels,Derivative of Method of Moments Overall Average,Derivative of Method of Moments Overall Standard Deviation,Derivative of Partial Based Spectral Centroid Overall Average,Derivative of Partial Based Spectral Centroid Overall Standard Deviation,Derivative of Partial Based Spectral Flux Overall Average,Derivative of Partial Based Spectral Flux Overall Standard Deviation,Derivative of Peak Based Spectral Smoothness Overall Average,Derivative of Peak Based Spectral Smoothness Overall Standard Deviation,Derivative of Relative Difference Function Overall Average,Derivative of Relative Difference Function Overall Standard Deviation,Derivative of Running Mean of Method of Moments Overall Average,Derivative of Running Mean of Method of Moments Overall Standard Deviation,Derivative of Running Mean of Partial Based Spectral Centroid Overall Average,Derivative of Running Mean of Partial Based Spectral Centroid Overall Standard Deviation,Derivative of Running Mean of Partial Based Spectral Flux Overall Average,Derivative of Running Mean of Partial Based Spectral Flux Overall Standard Deviation,Derivative of Running Mean of Peak Based Spectral Smoothness Overall Average,Derivative of Running Mean of Peak Based Spectral Smoothness Overall Standard Deviation,Derivative of Running Mean of Relative Difference Function Overall Average,Derivative of Running Mean of Relative Difference Function Overall Standard Deviation,Derivative of Standard Deviation of Method of Moments Overall Average,Derivative of Standard Deviation of Method of Moments Overall Standard Deviation,Derivative of Standard Deviation of Partial Based Spectral Centroid Overall Average,Derivative of Standard Deviation of Partial Based Spectral Centroid Overall Standard Deviation,Derivative of Standard Deviation of Partial Based Spectral Flux Overall Average,Derivative of Standard Deviation of Partial Based Spectral Flux Overall Standard Deviation,Derivative of Standard Deviation of Peak Based Spectral Smoothness Overall Average,Derivative of Standard Deviation of Peak Based Spectral Smoothness Overall Standard Deviation,Derivative of Standard Deviation of Relative Difference Function Overall Average,Derivative of Standard Deviation of Relative Difference Function Overall Standard Deviation,Method of Moments Overall Average,Method of Moments Overall Standard Deviation,Partial Based Spectral Centroid Overall Average,Partial Based Spectral Centroid Overall Standard Deviation,Partial Based Spectral Flux Overall Average,Partial Based Spectral Flux Overall Standard Deviation,Peak Based Spectral Smoothness Overall Average,Peak Based Spectral Smoothness Overall Standard Deviation,Peak Detection Overall Average,Peak Detection Overall Standard Deviation,Relative Difference Function Overall Average,Relative Difference Function Overall Standard Deviation,Running Mean of Method of Moments Overall Average,Running Mean of Method of Moments Overall Standard Deviation,Running Mean of Partial Based Spectral Centroid Overall Average,Running Mean of Partial Based Spectral Centroid Overall Standard Deviation,Running Mean of Partial Based Spectral Flux Overall Average,Running Mean of Partial Based Spectral Flux Overall Standard Deviation,Running Mean of Peak Based Spectral Smoothness Overall Average,Running Mean of Peak Based Spectral Smoothness Overall Standard Deviation,Running Mean of Relative Difference Function Overall Average,Running Mean of Relative Difference Function Overall Standard Deviation,Standard Deviation of Method of Moments Overall Average,Standard Deviation of Method of Moments Overall Standard Deviation,Standard Deviation of Partial Based Spectral Centroid Overall Average,Standard Deviation of Partial Based Spectral Centroid Overall Standard Deviation,Standard Deviation of Partial Based Spectral Flux Overall Average,Standard Deviation of Partial Based Spectral Flux Overall Standard Deviation,Standard Deviation of Peak Based Spectral Smoothness Overall Average,Standard Deviation of Peak Based Spectral Smoothness Overall Standard Deviation,Standard Deviation of Relative Difference Function Overall Average,Standard Deviation of Relative Difference Function Overall Standard Deviation,Grand Total
D:\Baya\Thesis\Data\data\BRAVERY001E.wav,239988778.6,2.69035E+13,0,0,0,0,0,0,0,0,18878952.26,9570725322,0,0,0,0,0,0,0,0,2223442876,1.12999E+12,0,0,0,0,0,0,0,0,4.73982E+14,4.32368E+13,0,0,0,0,0,0,4.20345E-07,7.9376E-07,0,0,4.87132E+14,2.22262E+12,0,0,0,0,0,0,0,0,5.71079E+16,2.6253E+14,0,0,0,0,0,0,0,0,1.60447E+15
D:\Baya\Thesis\Data\data\BRAVERY001F.wav,245454210.6,2.42906E+13,0,0,0,0,0,0,0,0,22866961.26,7474339960,0,0,0,0,0,0,0,0,2282828526,7.4739E+11,0,0,0,0,0,0,0,0,5.2339E+14,3.60649E+13,0,0,0,0,0,0,1.59376E-06,,0,0,5.14446E+14,4.88155E+12,0,0,0,0,0,0,0,0,5.14088E+16,4.88324E+14,0,0,0,0,0,0,0,0,2.27526E+15
D:\Baya\Thesis\Data\data\BRAVERY001G.wav,8319807.496,2.27396E+13,0,0,0,0,0,0,0,0,130867918.9,4691689472,0,0,0,0,0,0,0,0,13085928602,4.68585E+11,0,0,0,0,0,0,0,0,4.57947E+14,2.55175E+13,0,0,0,0,0,0,2.65754E-06,0,0,0,4.55783E+14,3.60989E+11,0,0,0,0,0,0,0,0,4.55446E+16,3.61405E+13,0,0,0,0,0,0,0,0,1.98663E+15
D:\Baya\Thesis\Data\data\BRAVERY002E.wav,437943046.8,2.29852E+13,0,0,0,0,0,0,0,0,328950761.5,10802288243,0,0,0,0,0,0,0,0,32822569779,1.08022E+12,0,0,0,0,0,0,0,0,4.65157E+14,5.83495E+13,0,0,0,0,0,0,8.65497E-07,5.20529E-06,0,0,4.56267E+14,5.47847E+12,0,0,0,0,0,0,0,0,4.55756E+16,5.48403E+14,0,0,0,0,0,0,0,0,1.87051E+15
D:\Baya\Thesis\Data\data\BRAVERY002F.wav,72796024.33,1.55867E+13,0,0,0,0,0,0,0,0,31589372.3,6091541106,0,0,0,0,0,0,0,0,3154548783,6.09139E+11,0,0,0,0,0,0,0,0,4.6759E+14,2.89761E+13,0,0,0,0,0,0,2.7668E-06,,0,0,4.76998E+14,5.69265E+12,0,0,0,0,0,0,0,0,4.7665E+16,5.69063E+14,0,0,0,0,0,0,0,0,2.18932E+15
D:\Baya\Thesis\Data\data\BRAVERY002G.wav,749059488.5,1.84917E+13,0,0,0,0,0,0,0,0,137800262.8,3990939852,0,0,0,0,0,0,0,0,13694869976,3.99078E+11,0,0,0,0,0,0,0,0,3.31702E+14,3.44614E+13,0,0,0,0,0,0,1.19142E-06,1.96993E-06,0,0,3.48231E+14,5.27117E+11,0,0,0,0,0,0,0,0,3.47935E+16,5.25351E+13,0,0,0,0,0,0,0,0,1.23329E+15
D:\Baya\Thesis\Data\data\BRAVERY003E.wav,44748248.3,3.09475E+13,0,0,0,0,0,0,0,0,34038355.37,10220600446,0,0,0,0,0,0,0,0,3996431193,1.20578E+12,0,0,0,0,0,0,0,0,5.61158E+14,5.41779E+13,0,0,0,0,0,0,4.41539E-07,,0,0,5.70938E+14,1.12292E+13,0,0,0,0,0,0,0,0,6.69351E+16,1.32604E+15,0,0,0,0,0,0,0,0,2.49603E+15
D:\Baya\Thesis\Data\data\BRAVERY003F.wav,316602108.9,1.65206E+13,0,0,0,0,0,0,0,0,41029880.86,7216643316,0,0,0,0,0,0,0,0,4113217463,7.21654E+11,0,0,0,0,0,0,0,0,3.38054E+14,3.61424E+13,0,0,0,0,0,0,3.70671E-07,,0,0,3.39946E+14,1.42775E+12,0,0,0,0,0,0,0,0,3.39652E+16,1.42965E+14,0,0,0,0,0,0,0,0,1.53978E+15
D:\Baya\Thesis\Data\data\BRAVERY003G.wav,469458645.3,5.86766E+13,0,0,0,0,0,0,0,0,516693122,26446559345,0,0,0,0,0,0,0,0,51926093448,2.65368E+12,0,0,0,0,0,0,0,0,4.85934E+14,1.19544E+14,0,0,0,0,0,0,2.57417E-06,5.87889E-06,0,0,4.46213E+14,4.24213E+12,0,0,0,0,0,0,0,0,4.44868E+16,4.25524E+14,0,0,0,0,0,0,0,0,1.70535E+15
D:\Baya\Thesis\Data\data\BRAVERY004E.wav,40904115.32,3.31182E+13,0,0,0,0,0,0,0,0,212011884.9,9750979677,0,0,0,0,0,0,0,0,25116201616,1.14941E+12,0,0,0,0,0,0,0,0,4.41958E+14,6.35198E+13,0,0,0,0,0,0,7.84085E-07,5.0712E-06,0,0,4.35271E+14,7.5098E+12,0,0,0,0,0,0,0,0,5.10096E+16,8.8722E+14,0,0,0,0,0,0,0,0,1.54652E+15
D:\Baya\Thesis\Data\data\BRAVERY004F.wav,1991067378,6.49766E+13,0,0,0,0,0,0,0,0,5966943415,33717920938,0,0,0,0,0,0,0,0,5.97311E+11,3.38057E+12,0,0,0,0,0,0,0,0,4.21859E+14,1.78465E+14,0,0,0,0,0,0,5.50458E-06,1.54614E-05,0,0,2.91751E+14,6.37818E+12,0,0,0,0,0,0,0,0,2.8998E+16,6.39435E+14,0,0,0,0,0,0,0,0,1.4173E+15
D:\Baya\Thesis\Data\data\BRAVERY004G.wav,9996693.023,3.18535E+13,0,0,0,0,0,0,0,0,3340295.632,12987468526,0,0,0,0,0,0,0,0,362088643.6,1.53357E+12,0,0,0,0,0,0,0,0,4.24444E+14,6.43713E+13,0,0,0,0,0,0,7.63139E-07,2.58857E-06,0,0,4.08483E+14,4.0718E+12,0,0,0,0,0,0,0,0,4.78524E+16,4.81179E+14,0,0,0,0,0,0,0,0,1.64894E+15
D:\Baya\Thesis\Data\data\BRAVERY005E.wav,2265139918,2.65342E+13,0,0,0,0,0,0,0,0,8282969103,4340161399,0,0,0,0,0,0,0,0,8.30431E+11,4.34012E+11,0,0,0,0,0,0,0,0,4.96414E+14,7.91914E+13,0,0,0,0,0,0,1.30486E-06,3.59554E-06,0,0,5.25223E+14,5.49443E+11,0,0,0,0,0,0,0,0,5.24311E+16,5.5119E+13,0,0,0,0,0,0,0,0,1.50152E+15
D:\Baya\Thesis\Data\data\BRAVERY005F.wav,411229569.7,3.51762E+13,0,0,0,0,0,0,0,0,402394781.2,12606195479,0,0,0,0,0,0,0,0,40603087836,1.26504E+12,0,0,0,0,0,0,0,0,3.45252E+14,6.97111E+13,0,0,0,0,0,0,4.12485E-07,7.67703E-07,0,0,3.7668E+14,9.62203E+11,0,0,0,0,0,0,0,0,3.7591E+16,9.69129E+13,0,0,0,0,0,0,0,0,1.3641E+15
D:\Baya\Thesis\Data\data\BRAVERY005G.wav,74736033.88,3.24824E+13,0,0,0,0,0,0,0,0,370622433.5,11251114424,0,0,0,0,0,0,0,0,37137805341,1.12322E+12,0,0,0,0,0,0,0,0,5.63389E+14,4.72153E+13,0,0,0,0,0,0,1.7191E-07,4.29418E-07,0,0,5.15157E+14,7.76204E+12,0,0,0,0,0,0,0,0,5.14625E+16,7.76569E+14,0,0,0,0,0,0,0,0,1.92179E+15
D:\Baya\Thesis\Data\data\BRAVERY006E.wav,4927807779,2.30882E+13,0,0,0,0,0,0,0,0,80361899.84,4378925289,0,0,0,0,0,0,0,0,7929877940,4.37815E+11,0,0,0,0,0,0,0,0,8.06657E+14,3.35078E+13,0,0,0,0,0,0,4.31758E-06,2.79599E-05,0,0,8.14566E+14,68273453307,0,0,0,0,0,0,0,0,8.1435E+16,6.78165E+12,0,0,0,0,0,0,0,0,2.77289E+15
D:\Baya\Thesis\Data\data\BRAVERY006F.wav,396146884.7,3.06765E+13,0,0,0,0,0,0,0,0,2803118.771,17875285522,0,0,0,0,0,0,0,0,340848816.6,2.10911E+12,0,0,0,0,0,0,0,0,4.031E+14,8.57155E+13,0,0,0,0,0,0,3.61963E-07,,0,0,4.09839E+14,5.75179E+12,0,0,0,0,0,0,0,0,4.79852E+16,6.81258E+14,0,0,0,0,0,0,0,0,1.80628E+15
D:\Baya\Thesis\Data\data\BRAVERY006G.wav,629069496.9,1.67365E+13,0,0,0,0,0,0,0,0,614515537.9,8629984378,0,0,0,0,0,0,0,0,61550261141,8.62237E+11,0,0,0,0,0,0,0,0,4.74507E+14,3.89771E+13,0,0,0,0,0,0,1.68062E-06,8.21899E-06,0,0,5.14655E+14,8.09716E+12,0,0,0,0,0,0,0,0,5.14475E+16,8.11531E+14,0,0,0,0,0,0,0,0,1.86695E+15
D:\Baya\Thesis\Data\data\BRAVERY007E.wav,4345006440,1.13388E+13,0,0,0,0,0,0,0,0,5123694011,10237499747,0,0,0,0,0,0,0,0,5.15705E+11,1.02601E+12,0,0,0,0,0,0,0,0,5.69389E+14,5.18384E+13,0,0,0,0,0,0,9.21327E-07,2.65475E-06,0,0,6.3523E+14,5.37058E+11,0,0,0,0,0,0,0,0,6.34633E+16,5.39912E+13,0,0,0,0,0,0,0,0,2.00968E+15
D:\Baya\Thesis\Data\data\BRAVERY007F.wav,90172786.46,1.72881E+13,0,0,0,0,0,0,0,0,15960917.49,5459165892,0,0,0,0,0,0,0,0,1597395670,5.45319E+11,0,0,0,0,0,0,0,0,5.87834E+14,2.56918E+13,0,0,0,0,0,0,1.11396E-06,9.1814E-06,0,0,5.83593E+14,1.43663E+12,0,0,0,0,0,0,0,0,5.83208E+16,1.43374E+14,0,0,0,0,0,0,0,0,2.29872E+15
D:\Baya\Thesis\Data\data\BRAVERY007G.wav,957790399.7,3.24074E+13,0,0,0,0,0,0,0,0,104557063.3,8353847487,0,0,0,0,0,0,0,0,10480200822,8.35376E+11,0,0,0,0,0,0,0,0,7.03069E+14,4.25223E+13,0,0,0,0,0,0,6.68533E-07,,0,0,6.83502E+14,9.47614E+11,0,0,0,0,0,0,0,0,6.83085E+16,9.48382E+13,0,0,0,0,0,0,0,0,3.04693E+15
D:\Baya\Thesis\Data\data\BRAVERY008E.wav,177196492,2.05907E+13,0,0,0,0,0,0,0,0,8276125.792,16198336766,0,0,0,0,0,0,0,0,821279496.3,1.62182E+12,0,0,0,0,0,0,0,0,5.37728E+14,5.80279E+13,0,0,0,0,0,0,2.60655E-06,2.23866E-05,0,0,5.66356E+14,1.28998E+13,0,0,0,0,0,0,0,0,5.65788E+16,1.29054E+15,0,0,0,0,0,0,0,0,2.08994E+15
D:\Baya\Thesis\Data\data\BRAVERY008F.wav,373529552.4,5.44505E+13,0,0,0,0,0,0,0,0,1816591892,12320319953,0,0,0,0,0,0,0,0,1.81659E+11,1.2328E+12,0,0,0,0,0,0,0,0,1.12149E+15,7.75183E+13,0,0,0,0,0,0,2.21416E-06,2.56519E-05,0,0,1.12466E+15,4.53047E+12,0,0,0,0,0,0,0,0,1.12414E+17,4.52847E+14,0,0,0,0,0,0,0,0,4.63078E+15
D:\Baya\Thesis\Data\data\BRAVERY008G.wav,1628484719,1.99832E+13,0,0,0,0,0,0,0,0,37210263.48,7902617047,0,0,0,0,0,0,0,0,3716212846,7.90251E+11,0,0,0,0,0,0,0,0,2.6517E+14,3.56387E+13,0,0,0,0,0,0,5.705E-07,7.7268E-06,0,0,2.59992E+14,2.16391E+12,0,0,0,0,0,0,0,0,2.59606E+16,2.16507E+14,0,0,0,0,0,0,0,0,1.017E+15
D:\Baya\Thesis\Data\data\BRAVERY009E.wav,1488486204,5.56763E+13,0,0,0,0,0,0,0,0,259929334.2,14209060937,0,0,0,0,0,0,0,0,26239489409,1.42375E+12,0,0,0,0,0,0,0,0,5.84293E+14,6.71463E+13,0,0,0,0,0,0,6.79674E-06,,0,0,5.92745E+14,1.48987E+12,0,0,0,0,0,0,0,0,5.92163E+16,1.49175E+14,0,0,0,0,0,0,0,0,2.59014E+15
D:\Baya\Thesis\Data\data\BRAVERY009F.wav,2014292812,4.97915E+13,0,0,0,0,0,0,0,0,3983239890,8864710472,0,0,0,0,0,0,0,0,3.98323E+11,8.86442E+11,0,0,0,0,0,0,0,0,1.2508E+15,7.10152E+13,0,0,0,0,0,0,1.55934E-05,,0,0,1.19485E+15,1.50871E+13,0,0,0,0,0,0,0,0,1.19458E+17,1.5084E+15,0,0,0,0,0,0,0,0,6.0067E+15
D:\Baya\Thesis\Data\data\BRAVERY009G.wav,104197957.3,3.19301E+13,0,0,0,0,0,0,0,0,107221.3177,14384483985,0,0,0,0,0,0,0,0,10242081.11,1.44227E+12,0,0,0,0,0,0,0,0,5.21858E+14,6.52298E+13,0,0,0,0,0,0,1.81073E-06,,0,0,5.05936E+14,5.26906E+12,0,0,0,0,0,0,0,0,5.05219E+16,5.27448E+14,0,0,0,0,0,0,0,0,2.33698E+15
D:\Baya\Thesis\Data\data\BRAVERY010E.wav,147857103.5,2.60773E+13,0,0,0,0,0,0,0,0,5829329.59,5847393012,0,0,0,0,0,0,0,0,576063539.3,5.84116E+11,0,0,0,0,0,0,0,0,6.46563E+14,3.33533E+13,0,0,0,0,0,0,5.2928E-06,1.67976E-05,0,0,6.44316E+14,1.40319E+12,0,0,0,0,0,0,0,0,6.43911E+16,1.40317E+14,0,0,0,0,0,0,0,0,2.89341E+15
D:\Baya\Thesis\Data\data\BRAVERY010G.wav,2808179.726,1.82124E+13,0,0,0,0,0,0,0,0,432159316.4,6840046404,0,0,0,0,0,0,0,0,43216012152,6.84001E+11,0,0,0,0,0,0,0,0,8.74007E+14,4.87359E+13,0,0,0,0,0,0,2.96462E-06,2.48906E-06,0,0,9.52212E+14,1.19923E+13,0,0,0,0,0,0,0,0,9.51966E+16,1.19923E+15,0,0,0,0,0,0,0,0,4.34381E+15
D:\Baya\Thesis\Data\data\BRAVERY011E.wav,2422558143,2.11403E+13,0,0,0,0,0,0,0,0,149442784.1,4678702193,0,0,0,0,0,0,0,0,14857363407,4.68404E+11,0,0,0,0,0,0,0,0,7.58229E+14,2.51509E+13,0,0,0,0,0,0,2.05316E-07,7.99285E-07,0,0,7.60457E+14,59982007213,0,0,0,0,0,0,0,0,7.60238E+16,5.97436E+12,0,0,0,0,0,0,0,0,2.69225E+15
D:\Baya\Thesis\Data\data\BRAVERY011G.wav,40865458.95,2.44682E+13,0,0,0,0,0,0,0,0,28341355.98,7752170919,0,0,0,0,0,0,0,0,2829945683,7.75207E+11,0,0,0,0,0,0,0,0,7.92833E+14,3.17892E+13,0,0,0,0,0,0,1.31151E-06,3.69031E-06,0,0,7.60346E+14,4.64374E+12,0,0,0,0,0,0,0,0,7.59906E+16,4.64717E+14,0,0,0,0,0,0,0,0,3.12034E+15
D:\Baya\Thesis\Data\data\BRAVERY012G.wav,125366.8004,1.36004E+13,0,0,0,0,0,0,0,0,36305926.61,2987476008,0,0,0,0,0,0,0,0,3630435105,2.98742E+11,0,0,0,0,0,0,0,0,5.24349E+14,1.63925E+13,0,0,0,0,0,0,7.40243E-07,0,0,0,5.185E+14,2.79777E+11,0,0,0,0,0,0,0,0,5.18318E+16,2.79347E+13,0,0,0,0,0,0,0,0,2.14559E+15
D:\Baya\Thesis\Data\data\BRAVERY013G.wav,553434083.1,1.49016E+13,0,0,0,0,0,0,0,0,1932012594,5846325039,0,0,0,0,0,0,0,0,1.93192E+11,5.82759E+11,0,0,0,0,0,0,0,0,3.5343E+14,3.00132E+13,0,0,0,0,0,0,5.48358E-08,1.76712E-07,0,0,3.54372E+14,4.72984E+11,0,0,0,0,0,0,0,0,3.54224E+16,4.72941E+13,0,0,0,0,0,0,0,0,1.14679E+15
D:\Baya\Thesis\Data\data\BRAVERY014G.wav,427852651.1,2.34503E+13,0,0,0,0,0,0,0,0,5348551.297,9432959463,0,0,0,0,0,0,0,0,613563358,1.11077E+12,0,0,0,0,0,0,0,0,6.03907E+14,4.35131E+13,0,0,0,0,0,0,5.78997E-07,4.2757E-06,0,0,6.37546E+14,4.6166E+12,0,0,0,0,0,0,0,0,7.4793E+16,5.44905E+14,0,0,0,0,0,0,0,0,2.1955E+15
D:\Baya\Thesis\Data\data\BRAVERY015G.wav,37014266.03,4.12462E+13,0,0,0,0,0,0,0,0,63557032.54,19554357052,0,0,0,0,0,0,0,0,6388916142,1.95649E+12,0,0,0,0,0,0,0,0,3.9426E+14,9.5524E+13,0,0,0,0,0,0,4.75516E-06,1.03793E-05,0,0,3.67971E+14,6.03175E+12,0,0,0,0,0,0,0,0,3.67054E+16,6.04137E+14,0,0,0,0,0,0,0,0,1.32977E+15
D:\Baya\Thesis\Data\data\BRAVERY016G.wav,97036066.66,6.20367E+13,0,0,0,0,0,0,0,0,4299578606,34159022587,0,0,0,0,0,0,0,0,5.06136E+11,4.02447E+12,0,0,0,0,0,0,0,0,1.81852E+15,1.84747E+14,0,0,0,0,0,0,9.42197E-06,,0,0,2.08289E+15,5.94421E+13,0,0,0,0,0,0,0,0,2.44093E+17,7.0058E+15,0,0,0,0,0,0,0,0,1.05875E+16
D:\Baya\Thesis\Data\data\BRAVERY017G.wav,5939548732,4.70199E+13,0,0,0,0,0,0,0,0,120065527.1,11741715778,0,0,0,0,0,0,0,0,12076362308,1.17242E+12,0,0,0,0,0,0,0,0,8.85518E+14,7.38532E+13,0,0,0,0,0,0,9.95205E-06,2.02163E-05,0,0,9.13429E+14,1.69793E+12,0,0,0,0,0,0,0,0,9.12947E+16,1.69581E+14,0,0,0,0,0,0,0,0,3.75824E+15
D:\Baya\Thesis\Data\data\BRAVERY018G.wav,27430457.11,2.24642E+13,0,0,0,0,0,0,0,0,483120788.6,10277615041,0,0,0,0,0,0,0,0,48294367304,1.02774E+12,0,0,0,0,0,0,0,0,7.84602E+14,8.52795E+13,0,0,0,0,0,0,2.09483E-06,2.2894E-05,0,0,7.76582E+14,4.63359E+13,0,0,0,0,0,0,0,0,7.76139E+16,4.63357E+15,0,0,0,0,0,0,0,0,3.08997E+15
D:\Baya\Thesis\Data\data\BRAVERY019G.wav,556983.209,3.51289E+13,0,0,0,0,0,0,0,0,181359062,15247009406,0,0,0,0,0,0,0,0,18125439352,1.52468E+12,0,0,0,0,0,0,0,0,9.5939E+14,6.26517E+13,0,0,0,0,0,0,2.40376E-05,0,0,0,1.01579E+15,1.00299E+13,0,0,0,0,0,0,0,0,1.01528E+17,1.00273E+15,0,0,0,0,0,0,0,0,4.18019E+15
D:\Baya\Thesis\Data\data\BRAVERY020G.wav,56190.13216,1.78551E+13,0,0,0,0,0,0,0,0,1939026.049,6308322090,0,0,0,0,0,0,0,0,193787912.3,6.30176E+11,0,0,0,0,0,0,0,0,6.3987E+14,4.46217E+13,0,0,0,0,0,0,1.5643E-06,4.87008E-06,0,0,6.27015E+14,1.21708E+13,0,0,0,0,0,0,0,0,6.26617E+16,1.21566E+15,0,0,0,0,0,0,0,0,2.24565E+15
D:\Baya\Thesis\Data\data\BRAVERY021G.wav,484662261,4.29574E+13,0,0,0,0,0,0,0,0,192141080.9,12024350396,0,0,0,0,0,0,0,0,19180965097,1.20505E+12,0,0,0,0,0,0,0,0,5.05106E+14,6.50002E+13,0,0,0,0,0,0,1.81928E-06,0,0,0,5.28734E+14,2.19369E+12,0,0,0,0,0,0,0,0,5.28184E+16,2.19607E+14,0,0,0,0,0,0,0,0,2.19357E+15
D:\Baya\Thesis\Data\data\BRAVERY022G.wav,91043753.09,3.51706E+13,0,0,0,0,0,0,0,0,55450500.78,15523434610,0,0,0,0,0,0,0,0,5562891514,1.55632E+12,0,0,0,0,0,0,0,0,6.4068E+14,1.0477E+14,0,0,0,0,0,0,8.16644E-07,,0,0,6.60443E+14,3.13539E+13,0,0,0,0,0,0,0,0,6.59622E+16,3.13986E+15,0,0,0,0,0,0,0,0,3.02543E+15
D:\Baya\Thesis\Data\data\BRAVERY023G.wav,476893279.7,4.74097E+13,0,0,0,0,0,0,0,0,589998493,20397217145,0,0,0,0,0,0,0,0,59136381905,2.04541E+12,0,0,0,0,0,0,0,0,7.59673E+14,1.12397E+14,0,0,0,0,0,0,2.14412E-06,2.20465E-05,0,0,8.11353E+14,1.69987E+13,0,0,0,0,0,0,0,0,8.10444E+16,1.70647E+15,0,0,0,0,0,0,0,0,3.22877E+15
D:\Baya\Thesis\Data\data\BRAVERY024G.wav,8315789.509,2.2356E+13,0,0,0,0,0,0,0,0,1134138.057,7784011761,0,0,0,0,0,0,0,0,133359763.3,9.16536E+11,0,0,0,0,0,0,0,0,3.64934E+14,3.70243E+13,0,0,0,0,0,0,8.7473E-07,5.0042E-06,0,0,3.65064E+14,3.04725E+12,0,0,0,0,0,0,0,0,4.28386E+16,3.59354E+14,0,0,0,0,0,0,0,0,1.24651E+15
D:\Baya\Thesis\Data\data\BRAVERY025G.wav,214128965.7,2.05255E+13,0,0,0,0,0,0,0,0,32880355.89,6599973299,0,0,0,0,0,0,0,0,3860976632,7.77187E+11,0,0,0,0,0,0,0,0,3.57698E+14,4.21209E+13,0,0,0,0,0,0,1.13817E-07,8.38692E-07,0,0,3.53419E+14,3.23538E+12,0,0,0,0,0,0,0,0,4.1434E+16,3.82699E+14,0,0,0,0,0,0,0,0,1.38256E+15
D:\Baya\Thesis\Data\data\BRAVERY026G.wav,7378672.211,2.34968E+13,0,0,0,0,0,0,0,0,10179295.39,7814489316,0,0,0,0,0,0,0,0,1021248335,7.82143E+11,0,0,0,0,0,0,0,0,4.83046E+14,3.89691E+13,0,0,0,0,0,0,4.69845E-07,1.96261E-06,0,0,5.00592E+14,2.19404E+12,0,0,0,0,0,0,0,0,5.00236E+16,2.1964E+14,0,0,0,0,0,0,0,0,1.82838E+15
D:\Baya\Thesis\Data\data\BRAVERY027G.wav,217998108.3,2.85222E+13,0,0,0,0,0,0,0,0,228490012.6,10487867019,0,0,0,0,0,0,0,0,22909563750,1.04875E+12,0,0,0,0,0,0,0,0,4.28387E+14,6.23448E+13,0,0,0,0,0,0,6.44597E-07,9.35916E-07,0,0,4.24081E+14,9.83826E+12,0,0,0,0,0,0,0,0,4.23589E+16,9.84066E+14,0,0,0,0,0,0,0,0,1.36008E+15
D:\Baya\Thesis\Data\data\BRAVERY028G.wav,1285260590,2.27093E+13,0,0,0,0,0,0,0,0,1367531587,5247535160,0,0,0,0,0,0,0,0,1.36785E+11,5.24691E+11,0,0,0,0,0,0,0,0,4.79099E+14,3.04312E+13,0,0,0,0,0,0,9.21412E-07,3.51778E-07,0,0,4.66791E+14,4.31933E+12,0,0,0,0,0,0,0,0,4.66625E+16,4.32427E+14,0,0,0,0,0,0,0,0,1.68346E+15
D:\Baya\Thesis\Data\data\BRAVERY029G.wav,686502748.6,2.13896E+13,0,0,0,0,0,0,0,0,419575190.8,4696747006,0,0,0,0,0,0,0,0,42018907109,4.6904E+11,0,0,0,0,0,0,0,0,6.01168E+14,2.53007E+13,0,0,0,0,0,0,2.33027E-07,6.97947E-08,0,0,6.02273E+14,5.54275E+12,0,0,0,0,0,0,0,0,6.02283E+16,5.54428E+14,0,0,0,0,0,0,0,0,2.44474E+15
D:\Baya\Thesis\Data\data\BRAVERY030G.wav,76559568.09,1.44023E+13,0,0,0,0,0,0,0,0,4757552.655,11363563731,0,0,0,0,0,0,0,0,518252196.5,1.33758E+12,0,0,0,0,0,0,0,0,2.2671E+14,5.7735E+13,0,0,0,0,0,0,3.66422E-08,,0,0,2.0446E+14,1.19471E+13,0,0,0,0,0,0,0,0,2.39354E+16,1.4106E+15,0,0,0,0,0,0,0,0,9.79698E+14
D:\Baya\Thesis\Data\data\CHEERFUL001E.wav,65967960.18,1.86652E+13,0,0,0,0,0,0,0,0,4882059.652,5573471179,0,0,0,0,0,0,0,0,587920725.9,6.58424E+11,0,0,0,0,0,0,0,0,4.66599E+14,2.93882E+13,0,0,0,0,0,0,3.08872E-07,,0,0,4.88315E+14,1.36465E+12,0,0,0,0,0,0,0,0,5.72321E+16,1.61283E+14,0,0,0,0,0,0,0,0,2.22059E+15
D:\Baya\Thesis\Data\data\CHEERFUL001F.wav,1821615888,3.36896E+13,0,0,0,0,0,0,0,0,2395858830,17878828561,0,0,0,0,0,0,0,0,2.39196E+11,1.78788E+12,0,0,0,0,0,0,0,0,6.82506E+14,7.7049E+13,0,0,0,0,0,0,3.51729E-06,2.10678E-06,0,0,7.74118E+14,6.81243E+12,0,0,0,0,0,0,0,0,7.73452E+16,6.81664E+14,0,0,0,0,0,0,0,0,2.78978E+15
D:\Baya\Thesis\Data\data\CHEERFUL002E.wav,298322582.3,1.49458E+13,0,0,0,0,0,0,0,0,28882496.67,2722353856,0,0,0,0,0,0,0,0,2896893711,2.72189E+11,0,0,0,0,0,0,0,0,3.58154E+14,1.52506E+13,0,0,0,0,0,0,1.45E-07,,0,0,3.71724E+14,7.11085E+11,0,0,0,0,0,0,0,0,3.71574E+16,7.10996E+13,0,0,0,0,0,0,0,0,1.57795E+15
D:\Baya\Thesis\Data\data\CHEERFUL002F.wav,3326747185,5.449E+13,0,0,0,0,0,0,0,0,93049802.26,15227738740,0,0,0,0,0,0,0,0,9266293736,1.52375E+12,0,0,0,0,0,0,0,0,4.15491E+14,8.25805E+13,0,0,0,0,0,0,2.61716E-06,2.0774E-05,0,0,4.55472E+14,2.87219E+11,0,0,0,0,0,0,0,0,4.54621E+16,2.87643E+13,0,0,0,0,0,0,0,0,1.7689E+15
D:\Baya\Thesis\Data\data\CHEERFUL002G.wav,392801054.9,3.43295E+13,0,0,0,0,0,0,0,0,11672072.72,10446108420,0,0,0,0,0,0,0,0,1172953958,1.04542E+12,0,0,0,0,0,0,0,0,3.73191E+14,6.21997E+13,0,0,0,0,0,0,1.548E-06,3.53816E-06,0,0,3.88158E+14,2.90697E+12,0,0,0,0,0,0,0,0,3.87687E+16,2.91379E+14,0,0,0,0,0,0,0,0,1.565E+15
D:\Baya\Thesis\Data\data\CHEERFUL003E.wav,146025007.1,4.37711E+13,0,0,0,0,0,0,0,0,697942871.4,14393072549,0,0,0,0,0,0,0,0,69840486747,1.43832E+12,0,0,0,0,0,0,0,0,3.88001E+14,7.83998E+13,0,0,0,0,0,0,4.41576E-07,2.07076E-06,0,0,3.62263E+14,1.18786E+13,0,0,0,0,0,0,0,0,3.61656E+16,1.18813E+15,0,0,0,0,0,0,0,0,1.56428E+15
D:\Baya\Thesis\Data\data\CHEERFUL003G.wav,2402025.246,2.52126E+13,0,0,0,0,0,0,0,0,1950568.293,5388171013,0,0,0,0,0,0,0,0,217897336.1,6.36146E+11,0,0,0,0,0,0,0,0,6.28632E+14,3.17672E+13,0,0,0,0,0,0,2.7468E-07,1.93077E-06,0,0,6.36787E+14,1.97218E+12,0,0,0,0,0,0,0,0,7.46506E+16,2.32441E+14,0,0,0,0,0,0,0,0,2.44585E+15
D:\Baya\Thesis\Data\data\CHEERFUL004E.wav,765036.6049,3.81887E+13,0,0,0,0,0,0,0,0,5633508.931,11376909846,0,0,0,0,0,0,0,0,565800309.6,1.13933E+12,0,0,0,0,0,0,0,0,4.69209E+14,5.92567E+13,0,0,0,0,0,0,6.13209E-07,5.2946E-06,0,0,4.52268E+14,4.98524E+12,0,0,0,0,0,0,0,0,4.51762E+16,4.99021E+14,0,0,0,0,0,0,0,0,1.84058E+15
D:\Baya\Thesis\Data\data\CHEERFUL004F.wav,7683481436,2.21452E+13,0,0,0,0,0,0,0,0,3346571561,7987642849,0,0,0,0,0,0,0,0,3.35578E+11,8.01584E+11,0,0,0,0,0,0,0,0,4.12149E+14,5.606E+13,0,0,0,0,0,0,2.79349E-07,3.29638E-07,0,0,4.41179E+14,1.42358E+12,0,0,0,0,0,0,0,0,4.40678E+16,1.4293E+14,0,0,0,0,0,0,0,0,1.66492E+15
D:\Baya\Thesis\Data\data\CHEERFUL005E.wav,956477606.2,1.26857E+13,0,0,0,0,0,0,0,0,1193849628,4948865947,0,0,0,0,0,0,0,0,1.19583E+11,4.95435E+11,0,0,0,0,0,0,0,0,3.41704E+14,2.54353E+13,0,0,0,0,0,0,2.91752E-06,1.09896E-06,0,0,3.20642E+14,8.09358E+11,0,0,0,0,0,0,0,0,3.20356E+16,8.09337E+13,0,0,0,0,0,0,0,0,1.34586E+15
D:\Baya\Thesis\Data\data\CHEERFUL005F.wav,21855089.51,1.53534E+13,0,0,0,0,0,0,0,0,164959923.2,7695188606,0,0,0,0,0,0,0,0,16444709689,7.69515E+11,0,0,0,0,0,0,0,0,2.92823E+14,2.77714E+13,0,0,0,0,0,0,2.92629E-07,4.82946E-07,0,0,3.1761E+14,3.08652E+12,0,0,0,0,0,0,0,0,3.17325E+16,3.08511E+14,0,0,0,0,0,0,0,0,1.22072E+15
D:\Baya\Thesis\Data\data\CHEERFUL005G.wav,79749510.17,1.86777E+13,0,0,0,0,0,0,0,0,3778536.51,6647737170,0,0,0,0,0,0,0,0,380948787.1,6.64761E+11,0,0,0,0,0,0,0,0,7.72503E+14,2.86954E+13,0,0,0,0,0,0,2.68018E-06,3.431E-06,0,0,7.94683E+14,1.76713E+12,0,0,0,0,0,0,0,0,7.94234E+16,1.76604E+14,0,0,0,0,0,0,0,0,2.65426E+15
D:\Baya\Thesis\Data\data\CHEERFUL006E.wav,9647916.441,1.43071E+13,0,0,0,0,0,0,0,0,338156.3515,5791345205,0,0,0,0,0,0,0,0,34134636.92,5.79102E+11,0,0,0,0,0,0,0,0,8.55399E+14,2.54393E+13,0,0,0,0,0,0,2.21021E-06,,0,0,8.77993E+14,2.05691E+12,0,0,0,0,0,0,0,0,8.77999E+16,2.0557E+14,0,0,0,0,0,0,0,0,3.70565E+15
D:\Baya\Thesis\Data\data\CHEERFUL007E.wav,595914444.5,2.81589E+13,0,0,0,0,0,0,0,0,6234774877,32348762517,0,0,0,0,0,0,0,0,6.25399E+11,3.23052E+12,0,0,0,0,0,0,0,0,4.29397E+14,1.37835E+14,0,0,0,0,0,0,1.87276E-06,1.71141E-05,0,0,2.80081E+14,1.45086E+13,0,0,0,0,0,0,0,0,2.79416E+16,1.45356E+15,0,0,0,0,0,0,0,0,1.16751E+15
D:\Baya\Thesis\Data\data\CHEERFUL007F.wav,2621578689,4.321E+13,0,0,0,0,0,0,0,0,1210247930,10191443026,0,0,0,0,0,0,0,0,1.20974E+11,1.0191E+12,0,0,0,0,0,0,0,0,5.11782E+14,7.2522E+13,0,0,0,0,0,0,3.13906E-06,4.89452E-05,0,0,5.54374E+14,1.04215E+13,0,0,0,0,0,0,0,0,5.53626E+16,1.04056E+15,0,0,0,0,0,0,0,0,2.17329E+15
D:\Baya\Thesis\Data\data\CHEERFUL007G.wav,130720893.9,3.78773E+13,0,0,0,0,0,0,0,0,35793140.68,9824115685,0,0,0,0,0,0,0,0,3588799986,9.82374E+11,0,0,0,0,0,0,0,0,6.96575E+14,5.00684E+13,0,0,0,0,0,0,4.73509E-06,,0,0,7.19094E+14,2.30514E+12,0,0,0,0,0,0,0,0,7.1867E+16,2.3087E+14,0,0,0,0,0,0,0,0,2.96042E+15
D:\Baya\Thesis\Data\data\CHEERFUL009E.wav,156501498.1,1.20047E+13,0,0,0,0,0,0,0,0,2692088.778,6800262899,0,0,0,0,0,0,0,0,273126513.1,6.79352E+11,0,0,0,0,0,0,0,0,3.52919E+14,3.16218E+13,0,0,0,0,0,0,2.43195E-07,4.62857E-07,0,0,3.59413E+14,2.2656E+12,0,0,0,0,0,0,0,0,3.59112E+16,2.26193E+14,0,0,0,0,0,0,0,0,1.35342E+15
D:\Baya\Thesis\Data\data\CHEERFUL009G.wav,2679776.208,2.40996E+13,0,0,0,0,0,0,0,0,312735961.5,4714643563,0,0,0,0,0,0,0,0,36863372046,5.57239E+11,0,0,0,0,0,0,0,0,6.05977E+14,2.85461E+13,0,0,0,0,0,0,8.71858E-07,1.331E-06,0,0,6.1625E+14,2.24444E+12,0,0,0,0,0,0,0,0,7.22335E+16,2.64786E+14,0,0,0,0,0,0,0,0,2.14856E+15
D:\Baya\Thesis\Data\data\CHEERFUL010E.wav,379607050.4,1.43953E+13,0,0,0,0,0,0,0,0,23925217.23,6318415640,0,0,0,0,0,0,0,0,2771840841,7.44714E+11,0,0,0,0,0,0,0,0,3.94541E+14,2.70387E+13,0,0,0,0,0,0,5.92026E-07,,0,0,3.79548E+14,5.66078E+12,0,0,0,0,0,0,0,0,4.44848E+16,6.6935E+14,0,0,0,0,0,0,0,0,1.64114E+15
D:\Baya\Thesis\Data\data\CHEERFUL010F.wav,328329322.6,1.723E+13,0,0,0,0,0,0,0,0,97447995.99,7517519940,0,0,0,0,0,0,0,0,11345904052,8.84493E+11,0,0,0,0,0,0,0,0,4.33049E+14,3.62592E+13,0,0,0,0,0,0,7.98546E-07,0,0,0,4.38563E+14,4.44015E+12,0,0,0,0,0,0,0,0,5.1421E+16,5.23469E+14,0,0,0,0,0,0,0,0,1.74804E+15
D:\Baya\Thesis\Data\data\CHEERFUL011G.wav,185819756.8,1.00195E+13,0,0,0,0,0,0,0,0,4643192.517,2497784908,0,0,0,0,0,0,0,0,544289373.2,2.96238E+11,0,0,0,0,0,0,0,0,4.48556E+14,1.28699E+13,0,0,0,0,0,0,1.73124E-07,2.49033E-07,0,0,4.40501E+14,1.47833E+12,0,0,0,0,0,0,0,0,5.16566E+16,1.74416E+14,0,0,0,0,0,0,0,0,1.52797E+15
D:\Baya\Thesis\Data\data\CHEERFUL012F.wav,20799884.34,4.81143E+13,0,0,0,0,0,0,0,0,19731612.4,9959909380,0,0,0,0,0,0,0,0,1980309899,9.95975E+11,0,0,0,0,0,0,0,0,6.54195E+14,5.03141E+13,0,0,0,0,0,0,1.56269E-06,5.55685E-06,0,0,6.49883E+14,8.72798E+11,0,0,0,0,0,0,0,0,6.49477E+16,8.7278E+13,0,0,0,0,0,0,0,0,2.52766E+15
D:\Baya\Thesis\Data\data\CHEERFUL012G.wav,4039633732,3.60817E+13,0,0,0,0,0,0,0,0,79020722.75,9129809417,0,0,0,0,0,0,0,0,7951951487,9.14501E+11,0,0,0,0,0,0,0,0,4.87354E+14,4.49944E+13,0,0,0,0,0,0,2.11766E-06,3.85573E-06,0,0,4.75763E+14,7.83973E+11,0,0,0,0,0,0,0,0,4.75241E+16,7.8822E+13,0,0,0,0,0,0,0,0,1.94527E+15
D:\Baya\Thesis\Data\data\CHEERFUL013G.wav,1937074884,4.67285E+13,0,0,0,0,0,0,0,0,175990379.5,15240510617,0,0,0,0,0,0,0,0,17736728875,1.52797E+12,0,0,0,0,0,0,0,0,6.39385E+14,8.54057E+13,0,0,0,0,0,0,8.75118E-06,5.34635E-05,0,0,6.68017E+14,4.76033E+11,0,0,0,0,0,0,0,0,6.67193E+16,4.7988E+13,0,0,0,0,0,0,0,0,2.71006E+15
D:\Baya\Thesis\Data\data\CHEERFUL014E.wav,1101937402,6.81613E+13,0,0,0,0,0,0,0,0,261977431.9,25534596858,0,0,0,0,0,0,0,0,26314726252,2.55722E+12,0,0,0,0,0,0,0,0,8.92734E+14,1.09231E+14,0,0,0,0,0,0,8.47323E-06,,0,0,9.03427E+14,7.7038E+12,0,0,0,0,0,0,0,0,9.02471E+16,7.71931E+14,0,0,0,0,0,0,0,0,4.48539E+15
D:\Baya\Thesis\Data\data\CHEERFUL015E.wav,12005275.52,2.40694E+13,0,0,0,0,0,0,0,0,16110426.49,12092027071,0,0,0,0,0,0,0,0,1600150979,1.20904E+12,0,0,0,0,0,0,0,0,5.84908E+14,5.34701E+13,0,0,0,0,0,0,1.79194E-06,7.77694E-06,0,0,5.38903E+14,2.557E+12,0,0,0,0,0,0,0,0,5.38543E+16,2.55639E+14,0,0,0,0,0,0,0,0,1.96989E+15
D:\Baya\Thesis\Data\data\CHEERFUL017G.wav,148486287.6,3.32543E+13,0,0,0,0,0,0,0,0,2364029.499,10935838822,0,0,0,0,0,0,0,0,238741692,1.09526E+12,0,0,0,0,0,0,0,0,6.67996E+14,4.73667E+13,0,0,0,0,0,0,8.34285E-06,4.05098E-05,0,0,6.74209E+14,9.67908E+11,0,0,0,0,0,0,0,0,6.73794E+16,9.67908E+13,0,0,0,0,0,0,0,0,2.55991E+15
D:\Baya\Thesis\Data\data\CHEERFUL020G.wav,3903423814,4.7279E+13,0,0,0,0,0,0,0,0,159847072,12423939389,0,0,0,0,0,0,0,0,18901280088,1.46363E+12,0,0,0,0,0,0,0,0,7.68986E+14,6.47078E+13,0,0,0,0,0,0,9.28951E-07,2.52745E-06,0,0,7.58501E+14,3.30741E+12,0,0,0,0,0,0,0,0,8.8902E+16,3.91063E+14,0,0,0,0,0,0,0,0,3.08417E+15
D:\Baya\Thesis\Data\data\CHEERFUL021G.wav,105018065,1.63042E+13,0,0,0,0,0,0,0,0,3490863.67,3905315347,0,0,0,0,0,0,0,0,350149827.3,3.90435E+11,0,0,0,0,0,0,0,0,5.60192E+14,1.78922E+13,0,0,0,0,0,0,1.60067E-06,3.31796E-06,0,0,5.46368E+14,4.39747E+11,0,0,0,0,0,0,0,0,5.46191E+16,4.39679E+13,0,0,0,0,0,0,0,0,1.99916E+15
D:\Baya\Thesis\Data\data\CHEERFUL039G.wav,226851047.3,1.10821E+13,0,0,0,0,0,0,0,0,268616359.1,4939250933,0,0,0,0,0,0,0,0,26874748949,4.93922E+11,0,0,0,0,0,0,0,0,4.12627E+14,3.26898E+13,0,0,0,0,0,0,4.17365E-07,6.08175E-07,0,0,4.06152E+14,1.81895E+13,0,0,0,0,0,0,0,0,4.05992E+16,1.81895E+15,0,0,0,0,0,0,0,0,1.68424E+15
D:\Baya\Thesis\Data\data\CHEERFUL040G.wav,755262840.4,2.80014E+13,0,0,0,0,0,0,0,0,11699873.26,4578021257,0,0,0,0,0,0,0,0,1184430254,4.57792E+11,0,0,0,0,0,0,0,0,8.49265E+14,3.0049E+13,0,0,0,0,0,0,6.7656E-07,2.83688E-06,0,0,8.58077E+14,41055080959,0,0,0,0,0,0,0,0,8.5761E+16,4.11181E+12,0,0,0,0,0,0,0,0,3.0214E+15
D:\Baya\Thesis\Data\data\CHEERFUL041G.wav,3487290.994,2.44684E+13,0,0,0,0,0,0,0,0,97032121.85,14383240163,0,0,0,0,0,0,0,0,9687511104,1.43638E+12,0,0,0,0,0,0,0,0,3.59728E+14,7.30057E+13,0,0,0,0,0,0,3.8575E-07,1.30067E-06,0,0,3.66283E+14,1.32504E+13,0,0,0,0,0,0,0,0,3.65674E+16,1.32591E+15,0,0,0,0,0,0,0,0,1.40136E+15
D:\Baya\Thesis\Data\data\CHEERFUL045G.wav,443329977,2.74596E+13,0,0,0,0,0,0,0,0,19159578.88,10363112844,0,0,0,0,0,0,0,0,2190766034,1.22013E+12,0,0,0,0,0,0,0,0,7.15203E+14,5.09171E+13,0,0,0,0,0,0,5.68894E-07,2.81872E-06,0,0,7.35594E+14,4.14927E+12,0,0,0,0,0,0,0,0,8.62877E+16,4.88804E+14,0,0,0,0,0,0,0,0,2.65793E+15
D:\Baya\Thesis\Data\data\CHEERFUL047G.wav,59737148.94,3.09879E+13,0,0,0,0,0,0,0,0,4786945.146,10438289574,0,0,0,0,0,0,0,0,480635290.8,1.04624E+12,0,0,0,0,0,0,0,0,4.69706E+14,5.30692E+13,0,0,0,0,0,0,3.86417E-07,1.0771E-06,0,0,4.53691E+14,2.37449E+12,0,0,0,0,0,0,0,0,4.53183E+16,2.38679E+14,0,0,0,0,0,0,0,0,1.59519E+15
D:\Baya\Thesis\Data\data\CHEERFUL049G.wav,12315533.81,1.36152E+13,0,0,0,0,0,0,0,0,112163119.4,3806603279,0,0,0,0,0,0,0,0,13196698506,4.49286E+11,0,0,0,0,0,0,0,0,5.02905E+14,2.05674E+13,0,0,0,0,0,0,2.36941E-07,3.4066E-07,0,0,4.90284E+14,5.18379E+12,0,0,0,0,0,0,0,0,5.74598E+16,6.0981E+14,0,0,0,0,0,0,0,0,1.51431E+15
D:\Baya\Thesis\Data\data\CHEERFUL051G.wav,155822633.2,9.80265E+12,0,0,0,0,0,0,0,0,30534.68428,1751172834,0,0,0,0,0,0,0,0,2945373.581,1.75104E+11,0,0,0,0,0,0,0,0,4.20709E+14,8.58333E+12,0,0,0,0,0,0,2.58058E-07,7.70335E-08,0,0,4.15966E+14,83301738684,0,0,0,0,0,0,0,0,4.15805E+16,8.33815E+12,0,0,0,0,0,0,0,0,1.33827E+15
D:\Baya\Thesis\Data\data\CHEERFUL052G.wav,31656213.63,1.86727E+13,0,0,0,0,0,0,0,0,16255376.3,5949547956,0,0,0,0,0,0,0,0,1619319307,5.95533E+11,0,0,0,0,0,0,0,0,7.07854E+14,3.0285E+13,0,0,0,0,0,0,7.62065E-07,7.68364E-07,0,0,7.28659E+14,1.52376E+12,0,0,0,0,0,0,0,0,7.28449E+16,1.52471E+14,0,0,0,0,0,0,0,0,2.51174E+15
D:\Baya\Thesis\Data\data\CHEERFUL053G.wav,3300.234312,1.32891E+13,0,0,0,0,0,0,0,0,183141597.2,6380889094,0,0,0,0,0,0,0,0,21483188308,7.52222E+11,0,0,0,0,0,0,0,0,4.95225E+14,3.13953E+13,0,0,0,0,0,0,1.48949E-07,8.21541E-07,0,0,5.17518E+14,3.75913E+12,0,0,0,0,0,0,0,0,6.068E+16,4.43765E+14,0,0,0,0,0,0,0,0,2.04388E+15
D:\Baya\Thesis\Data\data\CHEERFUL054G.wav,2591285.653,1.48997E+13,0,0,0,0,0,0,0,0,260717616.7,3679920144,0,0,0,0,0,0,0,0,30510528135,4.35458E+11,0,0,0,0,0,0,0,0,4.71496E+14,2.77205E+13,0,0,0,0,0,0,2.87138E-07,0,0,0,4.60147E+14,9.21741E+12,0,0,0,0,0,0,0,0,5.39651E+16,1.08381E+15,0,0,0,0,0,0,0,0,1.88637E+15
D:\Baya\Thesis\Data\data\CHEERFUL055G.wav,487999135.8,1.29857E+13,0,0,0,0,0,0,0,0,12077467.27,6371185240,0,0,0,0,0,0,0,0,1212840513,6.35743E+11,0,0,0,0,0,0,0,0,6.28819E+14,3.35375E+13,0,0,0,0,0,0,3.19029E-07,3.65145E-07,0,0,6.47935E+14,3.11187E+12,0,0,0,0,0,0,0,0,6.47739E+16,3.10727E+14,0,0,0,0,0,0,0,0,2.15681E+15
D:\Baya\Thesis\Data\data\CHEERFUL061G.wav,43545105.72,4.59827E+13,0,0,0,0,0,0,0,0,5737750.441,21036943903,0,0,0,0,0,0,0,0,573972350.6,2.10716E+12,0,0,0,0,0,0,0,0,9.06785E+14,8.86653E+13,0,0,0,0,0,0,4.59687E-06,5.8081E-06,0,0,8.93839E+14,7.39706E+12,0,0,0,0,0,0,0,0,8.93124E+16,7.40356E+14,0,0,0,0,0,0,0,0,4.2129E+15
D:\Baya\Thesis\Data\data\CHEERFUL063G.wav,11935438.3,2.93152E+13,0,0,0,0,0,0,0,0,2809960.396,7513626663,0,0,0,0,0,0,0,0,283925831.7,7.51344E+11,0,0,0,0,0,0,0,0,4.51791E+14,3.54943E+13,0,0,0,0,0,0,3.15652E-06,1.23014E-05,0,0,4.49097E+14,1.04649E+12,0,0,0,0,0,0,0,0,4.4876E+16,1.04646E+14,0,0,0,0,0,0,0,0,1.65696E+15
D:\Baya\Thesis\Data\data\CHEERFUL065G.wav,1568875492,6.17568E+13,0,0,0,0,0,0,0,0,42696515.99,24149477920,0,0,0,0,0,0,0,0,5030665500,2.84446E+12,0,0,0,0,0,0,0,0,9.65312E+14,9.88E+13,0,0,0,0,0,0,4.01577E-06,9.74615E-06,0,0,9.42687E+14,1.19695E+13,0,0,0,0,0,0,0,0,1.10471E+17,1.41166E+15,0,0,0,0,0,0,0,0,2.72363E+15
D:\Baya\Thesis\Data\data\CHEERFUL067G.wav,54369314.86,2.61166E+13,0,0,0,0,0,0,0,0,825093985.9,19925986884,0,0,0,0,0,0,0,0,82831412083,1.99933E+12,0,0,0,0,0,0,0,0,5.82804E+14,7.73897E+13,0,0,0,0,0,0,3.0961E-06,1.21802E-06,0,0,5.53096E+14,1.50768E+13,0,0,0,0,0,0,0,0,5.52347E+16,1.5142E+15,0,0,0,0,0,0,0,0,2.34273E+15
D:\Baya\Thesis\Data\data\CHEERFUL070G.wav,957512515.3,2.24709E+13,0,0,0,0,0,0,0,0,23486509.79,8563362100,0,0,0,0,0,0,0,0,2352551769,8.56974E+11,0,0,0,0,0,0,0,0,3.84202E+14,4.29058E+13,0,0,0,0,0,0,3.73917E-07,0,0,0,3.88315E+14,8.88611E+12,0,0,0,0,0,0,0,0,3.88005E+16,8.89759E+14,0,0,0,0,0,0,0,0,1.57607E+15
D:\Baya\Thesis\Data\data\CHEERFUL071G.wav,9777.042703,2.005E+13,0,0,0,0,0,0,0,0,42522536.76,5473340140,0,0,0,0,0,0,0,0,4267551660,5.46717E+11,0,0,0,0,0,0,0,0,4.50115E+14,3.10878E+13,0,0,0,0,0,0,4.40287E-07,3.59121E-07,0,0,4.4295E+14,3.31808E+12,0,0,0,0,0,0,0,0,4.42784E+16,3.31796E+14,0,0,0,0,0,0,0,0,1.25259E+15
D:\Baya\Thesis\Data\data\CHEERFUL072G.wav,16980817.56,1.72074E+13,0,0,0,0,0,0,0,0,19.90984467,4975944466,0,0,0,0,0,0,0,0,3331.24871,4.98139E+11,0,0,0,0,0,0,0,0,3.84004E+14,2.45483E+13,0,0,0,0,0,0,3.45532E-07,3.21773E-07,0,0,3.73686E+14,1.7653E+12,0,0,0,0,0,0,0,0,3.73533E+16,1.76524E+14,0,0,0,0,0,0,0,0,1.11804E+15
D:\Baya\Thesis\Data\data\CHEERFUL073G.wav,35024494.72,2.3202E+13,0,0,0,0,0,0,0,0,22838103.55,7658276216,0,0,0,0,0,0,0,0,2691006006,9.01676E+11,0,0,0,0,0,0,0,0,4.03684E+14,3.62108E+13,0,0,0,0,0,0,1.39112E-07,0,0,0,4.09654E+14,2.96406E+12,0,0,0,0,0,0,0,0,4.80419E+16,3.49253E+14,0,0,0,0,0,0,0,0,1.68106E+15
D:\Baya\Thesis\Data\data\CHEERFUL076G.wav,341365367.8,3.89362E+13,0,0,0,0,0,0,0,0,4862134.358,16205589512,0,0,0,0,0,0,0,0,498183856.1,1.62256E+12,0,0,0,0,0,0,0,0,4.83341E+14,7.44776E+13,0,0,0,0,0,0,9.29109E-07,,0,0,4.29565E+14,3.17785E+12,0,0,0,0,0,0,0,0,4.28739E+16,3.18635E+14,0,0,0,0,0,0,0,0,1.96606E+15
D:\Baya\Thesis\Data\data\CHEERFUL078G.wav,1164461957,4.66025E+13,0,0,0,0,0,0,0,0,692042031.6,15158828148,0,0,0,0,0,0,0,0,69120579096,1.49723E+12,0,0,0,0,0,0,0,0,7.77943E+13,6.33271E+13,0,0,0,0,0,0,2.11643E-06,2.44225E-06,0,0,7.38136E+13,5.76791E+12,0,0,0,0,0,0,0,0,7.3197E+15,5.77944E+14,0,0,0,0,0,0,0,0,2.2785E+14
D:\Baya\Thesis\Data\data\Copy of FEARFUL001G.wav,2326070293,2.74979E+13,0,0,0,0,0,0,0,0,395765082.3,17547378194,0,0,0,0,0,0,0,0,40713086748,1.76003E+12,0,0,0,0,0,0,0,0,1.62278E+14,8.75263E+13,0,0,0,0,0,0,4.66995E-07,9.69483E-07,0,0,1.68944E+14,4.93196E+12,0,0,0,0,0,0,0,0,1.68114E+16,4.9054E+14,0,0,0,0,0,0,0,0,6.42434E+14
D:\Baya\Thesis\Data\data\Copy of FEARFUL002F.wav,2304372.225,1.06556E+13,0,0,0,0,0,0,0,0,3765521.009,3297894292,0,0,0,0,0,0,0,0,378523667.5,3.29753E+11,0,0,0,0,0,0,0,0,3.40189E+14,1.62952E+13,0,0,0,0,0,0,2.42407E-07,3.73857E-07,0,0,3.39763E+14,5.45233E+11,0,0,0,0,0,0,0,0,3.3962E+16,5.45794E+13,0,0,0,0,0,0,0,0,1.18323E+15
D:\Baya\Thesis\Data\data\Copy of FEARFUL002G.wav,3902938085,6.6504E+13,0,0,0,0,0,0,0,0,1713138804,20309886115,0,0,0,0,0,0,0,0,1.72305E+11,2.03667E+12,0,0,0,0,0,0,0,0,5.58121E+14,1.31016E+14,0,0,0,0,0,0,3.61773E-05,0,0,0,6.31167E+14,9.91018E+11,0,0,0,0,0,0,0,0,6.30165E+16,9.97383E+13,0,0,0,0,0,0,0,0,3.32E+15
D:\Baya\Thesis\Data\data\Copy of FEARFUL003F.wav,1138577336,4.7989E+12,0,0,0,0,0,0,0,0,1283867807,7117907292,0,0,0,0,0,0,0,0,1.27959E+11,7.08419E+11,0,0,0,0,0,0,0,0,2.83517E+14,2.71305E+13,0,0,0,0,0,0,1.51608E-06,2.23548E-06,0,0,2.29671E+14,1.79538E+11,0,0,0,0,0,0,0,0,2.29429E+16,1.78522E+13,0,0,0,0,0,0,0,0,8.19958E+14
D:\Baya\Thesis\Data\data\Copy of FEARFUL005G.wav,120594802.4,2.06783E+13,0,0,0,0,0,0,0,0,7818688.37,4118453776,0,0,0,0,0,0,0,0,782573480.5,4.11828E+11,0,0,0,0,0,0,0,0,5.67682E+14,2.49595E+13,0,0,0,0,0,0,3.1329E-06,1.23488E-05,0,0,5.55019E+14,1.10164E+12,0,0,0,0,0,0,0,0,5.54834E+16,1.10078E+14,0,0,0,0,0,0,0,0,1.98927E+15
D:\Baya\Thesis\Data\data\Copy of FEARFUL008F.wav,18760746.45,3.08096E+13,0,0,0,0,0,0,0,0,114765465.4,8545966136,0,0,0,0,0,0,0,0,13466627302,1.00739E+12,0,0,0,0,0,0,0,0,4.59862E+14,5.06891E+13,0,0,0,0,0,0,2.33167E-07,1.10866E-06,0,0,4.35423E+14,9.16807E+12,0,0,0,0,0,0,0,0,5.10486E+16,1.07837E+15,0,0,0,0,0,0,0,0,1.63355E+15
D:\Baya\Thesis\Data\data\Copy of FEARFUL010G.wav,23835666.76,2.06234E+13,0,0,0,0,0,0,0,0,49191632.61,5103589469,0,0,0,0,0,0,0,0,4919246507,5.10325E+11,0,0,0,0,0,0,0,0,5.08777E+14,2.92364E+13,0,0,0,0,0,0,2.27959E-06,0,0,0,5.19831E+14,3.4651E+12,0,0,0,0,0,0,0,0,5.1947E+16,3.46198E+14,0,0,0,0,0,0,0,0,2.17335E+15
D:\Baya\Thesis\Data\data\Copy of FEARFUL011G.wav,258144.154,9.51289E+12,0,0,0,0,0,0,0,0,118093963,2262861825,0,0,0,0,0,0,0,0,11819165143,2.26247E+11,0,0,0,0,0,0,0,0,4.31265E+14,1.33035E+13,0,0,0,0,0,0,5.86429E-07,1.08228E-06,0,0,4.42402E+14,6.50848E+11,0,0,0,0,0,0,0,0,4.42238E+16,6.50772E+13,0,0,0,0,0,0,0,0,1.71795E+15
D:\Baya\Thesis\Data\data\Copy of FEARFUL012F.wav,337279841,3.84479E+13,0,0,0,0,0,0,0,0,133760274.1,14297828608,0,0,0,0,0,0,0,0,13431660551,1.43357E+12,0,0,0,0,0,0,0,0,4.18766E+14,7.24375E+13,0,0,0,0,0,0,5.29622E-07,2.14037E-06,0,0,4.48761E+14,4.03192E+12,0,0,0,0,0,0,0,0,4.48087E+16,4.0527E+14,0,0,0,0,0,0,0,0,1.83239E+15
D:\Baya\Thesis\Data\data\Copy of FEARFUL012G.wav,194688220.3,2.12002E+13,0,0,0,0,0,0,0,0,16613743.63,4222521877,0,0,0,0,0,0,0,0,1931505459,4.99957E+11,0,0,0,0,0,0,0,0,5.90689E+14,2.32075E+13,0,0,0,0,0,0,2.64919E-07,2.20836E-07,0,0,5.95386E+14,9.75319E+11,0,0,0,0,0,0,0,0,6.98105E+16,1.15124E+14,0,0,0,0,0,0,0,0,2.13097E+15
D:\Baya\Thesis\Data\data\Copy of FEARFUL013F.wav,1095699596,2.24006E+13,0,0,0,0,0,0,0,0,267490163.8,7866848574,0,0,0,0,0,0,0,0,26820930666,7.8582E+11,0,0,0,0,0,0,0,0,5.38189E+14,4.51636E+13,0,0,0,0,0,0,3.38918E-07,7.93585E-07,0,0,5.02815E+14,1.03433E+12,0,0,0,0,0,0,0,0,5.02645E+16,1.02998E+14,0,0,0,0,0,0,0,0,1.54335E+15
D:\Baya\Thesis\Data\data\Copy of FEARFUL014F.wav,16440.64214,5.43965E+13,0,0,0,0,0,0,0,0,77859818.28,17728654877,0,0,0,0,0,0,0,0,7757617607,1.78135E+12,0,0,0,0,0,0,0,0,5.37674E+14,1.14322E+14,0,0,0,0,0,0,1.83834E-06,4.34134E-06,0,0,5.12821E+14,1.32412E+12,0,0,0,0,0,0,0,0,5.11559E+16,1.33421E+14,0,0,0,0,0,0,0,0,2.03179E+15
D:\Baya\Thesis\Data\data\Copy of FEARFUL017F.wav,802694056.3,1.87941E+13,0,0,0,0,0,0,0,0,7242006.836,8145078884,0,0,0,0,0,0,0,0,715830114,8.14499E+11,0,0,0,0,0,0,0,0,2.52311E+14,5.65622E+13,0,0,0,0,0,0,3.38618E-06,3.96579E-05,0,0,2.27697E+14,2.49565E+13,0,0,0,0,0,0,0,0,2.27456E+16,2.49566E+15,0,0,0,0,0,0,0,0,9.83601E+14
D:\Baya\Thesis\Data\data\Copy of FEARFUL017G.wav,6743068405,2.67229E+13,0,0,0,0,0,0,0,0,337764978.1,14063017590,0,0,0,0,0,0,0,0,33703700063,1.40912E+12,0,0,0,0,0,0,0,0,3.06576E+14,6.60132E+13,0,0,0,0,0,0,2.04433E-06,4.25904E-06,0,0,2.58506E+14,2.27271E+12,0,0,0,0,0,0,0,0,2.57866E+16,2.27509E+14,0,0,0,0,0,0,0,0,9.44323E+14
D:\Baya\Thesis\Data\data\Copy of FEARFUL020F.wav,7374588890,4.77493E+13,0,0,0,0,0,0,0,0,417840238.1,13843116951,0,0,0,0,0,0,0,0,41667299025,1.38511E+12,0,0,0,0,0,0,0,0,1.57052E+15,6.97398E+13,0,0,0,0,0,0,1.06927E-06,3.0995E-06,0,0,1.63416E+15,3.2669E+12,0,0,0,0,0,0,0,0,1.63419E+17,3.26242E+14,0,0,0,0,0,0,0,0,5.98352E+15
D:\Baya\Thesis\Data\data\Copy of FEARFUL021F.wav,69882028.63,3.2977E+13,0,0,0,0,0,0,0,0,518881813,9803502568,0,0,0,0,0,0,0,0,52035272512,9.81071E+11,0,0,0,0,0,0,0,0,6.8024E+14,4.40685E+13,0,0,0,0,0,0,1.66734E-06,0,0,0,6.95829E+14,1.18961E+12,0,0,0,0,0,0,0,0,6.95413E+16,1.19125E+14,0,0,0,0,0,0,0,0,2.72014E+15
D:\Baya\Thesis\Data\data\Copy of FEARFUL022F.wav,92937485.73,3.35735E+13,0,0,0,0,0,0,0,0,475618449.8,13366923047,0,0,0,0,0,0,0,0,55731816777,1.57463E+12,0,0,0,0,0,0,0,0,9.01856E+14,9.75704E+13,0,0,0,0,0,0,8.82855E-07,4.24665E-06,0,0,9.25562E+14,3.95041E+13,0,0,0,0,0,0,0,0,1.08494E+17,4.63919E+15,0,0,0,0,0,0,0,0,4.13108E+15
D:\Baya\Thesis\Data\data\Copy of FEARFUL022G.wav,14066976.06,1.40343E+13,0,0,0,0,0,0,0,0,12036481.85,3088125798,0,0,0,0,0,0,0,0,1200702055,3.08775E+11,0,0,0,0,0,0,0,0,3.86566E+14,1.57265E+13,0,0,0,0,0,0,3.27569E-07,5.01576E-07,0,0,3.78093E+14,2.34475E+11,0,0,0,0,0,0,0,0,3.77942E+16,2.34057E+13,0,0,0,0,0,0,0,0,1.3088E+15
D:\Baya\Thesis\Data\data\Copy of FEARFUL023G.wav,450883627.1,7.01138E+12,0,0,0,0,0,0,0,0,8351559.213,4038939215,0,0,0,0,0,0,0,0,829194578.5,4.04372E+11,0,0,0,0,0,0,0,0,3.38575E+14,2.10335E+13,0,0,0,0,0,0,1.05478E-07,7.63378E-08,0,0,3.57644E+14,1.018E+12,0,0,0,0,0,0,0,0,3.57496E+16,1.01713E+14,0,0,0,0,0,0,0,0,1.113E+15
D:\Baya\Thesis\Data\data\Copy of FEARFUL024G.wav,1302912642,1.0884E+13,0,0,0,0,0,0,0,0,35130393.05,2349287003,0,0,0,0,0,0,0,0,3489173011,2.34521E+11,0,0,0,0,0,0,0,0,2.25504E+14,1.2467E+13,0,0,0,0,0,0,1.37548E-07,3.52119E-07,0,0,2.15404E+14,5.2449E+11,0,0,0,0,0,0,0,0,2.15289E+16,5.22733E+13,0,0,0,0,0,0,0,0,7.23692E+14
D:\Baya\Thesis\Data\data\Copy of FEARFUL025F.wav,1694465971,2.04461E+13,0,0,0,0,0,0,0,0,22123602.03,5515014124,0,0,0,0,0,0,0,0,2235491457,5.52045E+11,0,0,0,0,0,0,0,0,5.04263E+14,2.63547E+13,0,0,0,0,0,0,3.17325E-07,6.52515E-07,0,0,5.06262E+14,4.85974E+11,0,0,0,0,0,0,0,0,5.06087E+16,4.87018E+13,0,0,0,0,0,0,0,0,2.00254E+15
D:\Baya\Thesis\Data\data\Copy of FEARFUL025G.wav,30758224.16,1.95337E+13,0,0,0,0,0,0,0,0,146200008.5,5660266454,0,0,0,0,0,0,0,0,14612724066,5.64792E+11,0,0,0,0,0,0,0,0,6.33356E+14,3.56283E+13,0,0,0,0,0,0,3.91562E-06,0.00014167,0,0,6.0651E+14,2.88347E+12,0,0,0,0,0,0,0,0,6.06319E+16,2.87917E+14,0,0,0,0,0,0,0,0,2.37819E+15
D:\Baya\Thesis\Data\data\Copy of FEARFUL026F.wav,274444526.7,4.3293E+13,0,0,0,0,0,0,0,0,1457520905,16634778400,0,0,0,0,0,0,0,0,1.46396E+11,1.67066E+12,0,0,0,0,0,0,0,0,4.47688E+14,6.83111E+13,0,0,0,0,0,0,1.52855E-06,1.27095E-07,0,0,4.40729E+14,1.33588E+12,0,0,0,0,0,0,0,0,4.40061E+16,1.34328E+14,0,0,0,0,0,0,0,0,1.6853E+15
D:\Baya\Thesis\Data\data\Copy of FEARFUL026G.wav,15414140.79,6.84784E+12,0,0,0,0,0,0,0,0,1509643.932,3822079287,0,0,0,0,0,0,0,0,150504442.2,3.81686E+11,0,0,0,0,0,0,0,0,2.55724E+14,1.75412E+13,0,0,0,0,0,0,7.25456E-07,0,0,0,2.52021E+14,1.25048E+12,0,0,0,0,0,0,0,0,2.51769E+16,1.24679E+14,0,0,0,0,0,0,0,0,9.99949E+14
D:\Baya\Thesis\Data\data\Copy of FEARFUL027G.wav,322417879,1.55059E+13,0,0,0,0,0,0,0,0,8778547.538,4294205334,0,0,0,0,0,0,0,0,877429782.5,4.2888E+11,0,0,0,0,0,0,0,0,4.00098E+14,1.83422E+13,0,0,0,0,0,0,5.97143E-07,9.58832E-07,0,0,4.04407E+14,2.36011E+12,0,0,0,0,0,0,0,0,4.04248E+16,2.35759E+14,0,0,0,0,0,0,0,0,1.399E+15
D:\Baya\Thesis\Data\data\Copy of FEARFUL028F.wav,1079891.642,1.53404E+13,0,0,0,0,0,0,0,0,28929151.17,3240891158,0,0,0,0,0,0,0,0,3356513637,3.82857E+11,0,0,0,0,0,0,0,0,4.47837E+14,1.6765E+13,0,0,0,0,0,0,3.48317E-07,,0,0,4.41088E+14,3.289E+11,0,0,0,0,0,0,0,0,5.1696E+16,3.90939E+13,0,0,0,0,0,0,0,0,1.9481E+15
D:\Baya\Thesis\Data\data\Copy of FEARFUL031F.wav,407166034.7,2.24818E+13,0,0,0,0,0,0,0,0,17286443.25,6155173236,0,0,0,0,0,0,0,0,1722149199,6.14872E+11,0,0,0,0,0,0,0,0,5.55874E+14,3.05948E+13,0,0,0,0,0,0,4.75846E-06,0,0,0,5.39152E+14,7.766E+11,0,0,0,0,0,0,0,0,5.38969E+16,7.75857E+13,0,0,0,0,0,0,0,0,2.13563E+15
D:\Baya\Thesis\Data\data\Copy of FEARFUL033F.wav,79295262.45,2.18302E+13,0,0,0,0,0,0,0,0,2234493.994,11004971427,0,0,0,0,0,0,0,0,221056493.4,1.10045E+12,0,0,0,0,0,0,0,0,5.25638E+14,4.70812E+13,0,0,0,0,0,0,7.35034E-07,6.13492E-06,0,0,5.09814E+14,5.99672E+12,0,0,0,0,0,0,0,0,5.09277E+16,6.00635E+14,0,0,0,0,0,0,0,0,1.98719E+15
D:\Baya\Thesis\Data\data\Copy of FEARFUL033G.wav,6645061.952,6.51776E+13,0,0,0,0,0,0,0,0,111845191,20802658964,0,0,0,0,0,0,0,0,11100199523,2.07218E+12,0,0,0,0,0,0,0,0,1.82657E+14,9.23539E+13,0,0,0,0,0,0,2.35993E-07,3.14903E-07,0,0,2.13566E+14,1.15648E+13,0,0,0,0,0,0,0,0,2.1275E+16,1.15621E+15,0,0,0,0,0,0,0,0,9.33443E+14
D:\Baya\Thesis\Data\data\Copy of FEARFUL038G.wav,725943699.6,2.32482E+13,0,0,0,0,0,0,0,0,141959036.6,11098255212,0,0,0,0,0,0,0,0,14148438818,1.10897E+12,0,0,0,0,0,0,0,0,1.89934E+14,6.13415E+13,0,0,0,0,0,0,4.89562E-07,2.38144E-07,0,0,1.91145E+14,5.63464E+12,0,0,0,0,0,0,0,0,1.90704E+16,5.60241E+14,0,0,0,0,0,0,0,0,7.276E+14
D:\Baya\Thesis\Data\data\Copy of FEARFUL039G.wav,16875033.27,2.24764E+13,0,0,0,0,0,0,0,0,1507762730,7778784211,0,0,0,0,0,0,0,0,1.5118E+11,7.7647E+11,0,0,0,0,0,0,0,0,2.50792E+14,5.27368E+13,0,0,0,0,0,0,1.54118E-06,2.29846E-06,0,0,2.34735E+14,7.51773E+12,0,0,0,0,0,0,0,0,2.34368E+16,7.5243E+14,0,0,0,0,0,0,0,0,9.28555E+14
D:\Baya\Thesis\Data\data\Copy of FEARFUL040G.wav,1262370347,3.42356E+13,0,0,0,0,0,0,0,0,19137295.57,7478320308,0,0,0,0,0,0,0,0,1906747789,7.48522E+11,0,0,0,0,0,0,0,0,4.16586E+14,3.84797E+13,0,0,0,0,0,0,1.64139E-05,1.8274E-05,0,0,3.99637E+14,4.25155E+11,0,0,0,0,0,0,0,0,3.99318E+16,4.25155E+13,0,0,0,0,0,0,0,0,2.12217E+15
D:\Baya\Thesis\Data\data\Copy of FEARFUL041G.wav,1012900581,4.64854E+13,0,0,0,0,0,0,0,0,1377058521,19491770488,0,0,0,0,0,0,0,0,1.38599E+11,1.95585E+12,0,0,0,0,0,0,0,0,6.88162E+14,1.14322E+14,0,0,0,0,0,0,6.64953E-06,0,0,0,7.80123E+14,1.46174E+13,0,0,0,0,0,0,0,0,7.79233E+16,1.47123E+15,0,0,0,0,0,0,0,0,3.81821E+15
D:\Baya\Thesis\Data\data\Copy of FEARFUL043G.wav,28607436.46,2.04863E+13,0,0,0,0,0,0,0,0,10090744.44,13309429856,0,0,0,0,0,0,0,0,1203681851,1.56809E+12,0,0,0,0,0,0,0,0,4.51361E+14,5.73794E+13,0,0,0,0,0,0,4.15823E-07,3.5264E-06,0,0,4.58881E+14,1.27892E+13,0,0,0,0,0,0,0,0,5.38251E+16,1.50956E+15,0,0,0,0,0,0,0,0,1.73205E+15
D:\Baya\Thesis\Data\data\Copy of FEARFUL046G.wav,9103607.791,1.74572E+13,0,0,0,0,0,0,0,0,252358921.7,5279014846,0,0,0,0,0,0,0,0,29639773713,6.21732E+11,0,0,0,0,0,0,0,0,4.58576E+14,2.91842E+13,0,0,0,0,0,0,2.11041E-07,1.2083E-06,0,0,4.16896E+14,1.64817E+12,0,0,0,0,0,0,0,0,4.88419E+16,1.94279E+14,0,0,0,0,0,0,0,0,1.40899E+15
D:\Baya\Thesis\Data\data\Copy of FEARFUL048G.wav,764729398.6,1.40477E+13,0,0,0,0,0,0,0,0,901040.7242,4059948575,0,0,0,0,0,0,0,0,90751196.86,4.0544E+11,0,0,0,0,0,0,0,0,6.85249E+14,2.62286E+13,0,0,0,0,0,0,7.53333E-07,7.48341E-06,0,0,6.88195E+14,2.21089E+12,0,0,0,0,0,0,0,0,6.87991E+16,2.2107E+14,0,0,0,0,0,0,0,0,2.5095E+15
D:\Baya\Thesis\Data\data\Copy of FEARFUL052G.wav,29733227.06,1.22776E+13,0,0,0,0,0,0,0,0,118951200.4,6017526223,0,0,0,0,0,0,0,0,11877868863,6.00481E+11,0,0,0,0,0,0,0,0,5.53497E+14,3.8031E+13,0,0,0,0,0,0,7.47278E-08,8.71226E-08,0,0,5.44112E+14,8.19967E+12,0,0,0,0,0,0,0,0,5.43929E+16,8.19256E+14,0,0,0,0,0,0,0,0,1.95084E+15
D:\Baya\Thesis\Data\data\Copy of FEARFUL055G.wav,235116702,1.0575E+13,0,0,0,0,0,0,0,0,1930129.172,9041621032,0,0,0,0,0,0,0,0,192325652.8,9.04153E+11,0,0,0,0,0,0,0,0,5.43622E+14,3.37631E+13,0,0,0,0,0,0,4.18771E-07,7.00694E-07,0,0,5.35994E+14,8.70956E+12,0,0,0,0,0,0,0,0,5.35625E+16,8.73068E+14,0,0,0,0,0,0,0,0,1.86242E+15
D:\Baya\Thesis\Data\data\Copy of FEARFUL057G.wav,4466784.771,8.17172E+12,0,0,0,0,0,0,0,0,61320837.76,2070959571,0,0,0,0,0,0,0,0,6125988098,2.07084E+11,0,0,0,0,0,0,0,0,4.68112E+14,1.12023E+13,0,0,0,0,0,0,7.57679E-07,,0,0,4.6918E+14,2.74654E+12,0,0,0,0,0,0,0,0,4.69008E+16,2.74516E+14,0,0,0,0,0,0,0,0,1.97351E+15
D:\Baya\Thesis\Data\data\Copy of FEARFUL058G.wav,6446288.914,2.72238E+13,0,0,0,0,0,0,0,0,820890343.2,21700075084,0,0,0,0,0,0,0,0,82136688650,2.17098E+12,0,0,0,0,0,0,0,0,3.67157E+14,9.69054E+13,0,0,0,0,0,0,5.71935E-07,7.3172E-07,0,0,3.33328E+14,1.88658E+13,0,0,0,0,0,0,0,0,3.32458E+16,1.88647E+15,0,0,0,0,0,0,0,0,1.2156E+15
D:\Baya\Thesis\Data\data\Copy of FEARFUL059G.wav,40059082.33,3.62271E+13,0,0,0,0,0,0,0,0,61621799.72,12783436631,0,0,0,0,0,0,0,0,6137460734,1.2801E+12,0,0,0,0,0,0,0,0,4.38998E+14,7.18035E+13,0,0,0,0,0,0,7.45098E-07,3.64493E-06,0,0,4.74529E+14,5.1488E+12,0,0,0,0,0,0,0,0,4.7401E+16,5.14863E+14,0,0,0,0,0,0,0,0,1.85868E+15
D:\Baya\Thesis\Data\data\Copy of FEARFUL060G.wav,1615898895,2.09799E+13,0,0,0,0,0,0,0,0,20336996.4,18520234049,0,0,0,0,0,0,0,0,2012139978,1.85308E+12,0,0,0,0,0,0,0,0,3.83385E+14,8.63981E+13,0,0,0,0,0,0,2.96759E-06,2.16535E-05,0,0,3.88203E+14,1.22383E+13,0,0,0,0,0,0,0,0,3.87575E+16,1.22465E+15,0,0,0,0,0,0,0,0,1.55067E+15
D:\Baya\Thesis\Data\data\Copy of FEARFUL061G.wav,148913824.4,4.97685E+13,0,0,0,0,0,0,0,0,44767349.39,15709869294,0,0,0,0,0,0,0,0,4476814350,1.57097E+12,0,0,0,0,0,0,0,0,3.93314E+14,8.87451E+13,0,0,0,0,0,0,5.07803E-06,,0,0,3.81364E+14,5.1221E+12,0,0,0,0,0,0,0,0,3.80585E+16,5.12209E+14,0,0,0,0,0,0,0,0,1.67184E+15
D:\Baya\Thesis\Data\data\Copy of FEARFUL062G.wav,5249017.149,1.88187E+13,0,0,0,0,0,0,0,0,1815237.608,7016369711,0,0,0,0,0,0,0,0,182727235.8,7.00291E+11,0,0,0,0,0,0,0,0,4.00279E+14,3.10122E+13,0,0,0,0,0,0,2.04753E-06,1.18537E-05,0,0,3.98817E+14,1.08673E+12,0,0,0,0,0,0,0,0,3.98498E+16,1.08339E+14,0,0,0,0,0,0,0,0,1.56195E+15
D:\Baya\Thesis\Data\data\Copy of FEARFUL063G.wav,11663247.58,4.75334E+13,0,0,0,0,0,0,0,0,2177998.393,18222537759,0,0,0,0,0,0,0,0,218625906.6,1.8244E+12,0,0,0,0,0,0,0,0,3.26328E+14,1.04868E+14,0,0,0,0,0,0,4.06802E-06,3.73731E-05,0,0,3.14034E+14,1.8579E+13,0,0,0,0,0,0,0,0,3.13044E+16,1.8648E+15,0,0,0,0,0,0,0,0,1.31981E+15
D:\Baya\Thesis\Data\data\Copy of FEARFUL067G.wav,1291526560,1.43517E+13,0,0,0,0,0,0,0,0,54917728.11,3322565499,0,0,0,0,0,0,0,0,5485912672,3.31789E+11,0,0,0,0,0,0,0,0,5.151E+14,1.78453E+13,0,0,0,0,0,0,1.55683E-06,1.38078E-06,0,0,5.16719E+14,9.55025E+11,0,0,0,0,0,0,0,0,5.16538E+16,9.54238E+13,0,0,0,0,0,0,0,0,2.11255E+15
D:\Baya\Thesis\Data\data\Copy of FEARFUL069G.wav,25976918.72,1.97654E+13,0,0,0,0,0,0,0,0,72524772.27,6656862578,0,0,0,0,0,0,0,0,7266075760,6.65026E+11,0,0,0,0,0,0,0,0,5.46745E+14,4.20299E+13,0,0,0,0,0,0,1.67597E-06,,0,0,5.47292E+14,1.69317E+13,0,0,0,0,0,0,0,0,5.47105E+16,1.69318E+15,0,0,0,0,0,0,0,0,2.50487E+15
D:\Baya\Thesis\Data\data\Copy of FEARFUL070G.wav,292639208.1,2.69184E+13,0,0,0,0,0,0,0,0,5629697.397,8764293486,0,0,0,0,0,0,0,0,638947044.6,1.03539E+12,0,0,0,0,0,0,0,0,3.24432E+14,3.92193E+13,0,0,0,0,0,0,2.14542E-07,,0,0,3.53322E+14,9.41724E+11,0,0,0,0,0,0,0,0,4.14163E+16,1.11527E+14,0,0,0,0,0,0,0,0,1.57358E+15
D:\Baya\Thesis\Data\data\Copy of FEARFUL073G.wav,173433094.1,2.57575E+13,0,0,0,0,0,0,0,0,565558.8122,13828855802,0,0,0,0,0,0,0,0,56873031.38,1.38475E+12,0,0,0,0,0,0,0,0,3.77975E+14,6.54921E+13,0,0,0,0,0,0,3.22954E-06,2.05718E-05,0,0,3.74833E+14,7.62183E+12,0,0,0,0,0,0,0,0,3.74215E+16,7.65491E+14,0,0,0,0,0,0,0,0,1.43872E+15
D:\Baya\Thesis\Data\data\Copy of FEARFUL080G.wav,210232022,1.94433E+13,0,0,0,0,0,0,0,0,463388807.3,5569120663,0,0,0,0,0,0,0,0,46305289950,5.58058E+11,0,0,0,0,0,0,0,0,4.58259E+14,3.72375E+13,0,0,0,0,0,0,3.45051E-07,3.41903E-07,0,0,4.31841E+14,1.2141E+12,0,0,0,0,0,0,0,0,4.31348E+16,1.21492E+14,0,0,0,0,0,0,0,0,1.41369E+15
D:\Baya\Thesis\Data\data\Copy of LOVE001F.wav,19300598.41,2.18291E+13,0,0,0,0,0,0,0,0,236481820,9202732363,0,0,0,0,0,0,0,0,23635971990,9.21015E+11,0,0,0,0,0,0,0,0,5.0575E+14,4.52121E+13,0,0,0,0,0,0,5.73294E-07,,0,0,5.16043E+14,1.37937E+13,0,0,0,0,0,0,0,0,5.15864E+16,1.37728E+15,0,0,0,0,0,0,0,0,2.22775E+15
D:\Baya\Thesis\Data\data\Copy of LOVE001G.wav,479105.2658,2.40195E+13,0,0,0,0,0,0,0,0,1718942043,3783769531,0,0,0,0,0,0,0,0,1.72889E+11,3.65223E+11,0,0,0,0,0,0,0,0,1.58517E+13,1.96219E+13,0,0,0,0,0,0,7.94024E-06,0,0,0,1.2394E+13,1.1665E+12,0,0,0,0,0,0,0,0,1.21979E+15,1.16736E+14,0,0,0,0,0,0,0,0,7.82485E+13
D:\Baya\Thesis\Data\data\Copy of LOVE002E.wav,1363496340,1.95163E+13,0,0,0,0,0,0,0,0,147276095.3,3844213939,0,0,0,0,0,0,0,0,14691667666,3.83864E+11,0,0,0,0,0,0,0,0,5.18553E+14,2.3903E+13,0,0,0,0,0,0,3.3343E-07,8.65996E-07,0,0,4.96759E+14,1.31682E+12,0,0,0,0,0,0,0,0,4.96589E+16,1.31483E+14,0,0,0,0,0,0,0,0,1.7321E+15
D:\Baya\Thesis\Data\data\Copy of LOVE002F.wav,178820.9661,8.72568E+12,0,0,0,0,0,0,0,0,28406041.91,3904659916,0,0,0,0,0,0,0,0,2866762258,3.89449E+11,0,0,0,0,0,0,0,0,2.94116E+14,2.16426E+13,0,0,0,0,0,0,5.30829E-07,4.91576E-07,0,0,2.7545E+14,4.82452E+12,0,0,0,0,0,0,0,0,2.75318E+16,4.82263E+14,0,0,0,0,0,0,0,0,9.49031E+14
D:\Baya\Thesis\Data\data\Copy of LOVE003G.wav,7628337.481,7.82934E+12,0,0,0,0,0,0,0,0,2157562287,2196819863,0,0,0,0,0,0,0,0,2.1539E+11,2.18927E+11,0,0,0,0,0,0,0,0,1.36021E+14,1.43682E+13,0,0,0,0,0,0,3.73344E-06,2.67751E-06,0,0,1.23226E+14,6.45784E+11,0,0,0,0,0,0,0,0,1.23138E+16,6.44487E+13,0,0,0,0,0,0,0,0,4.46298E+14
D:\Baya\Thesis\Data\data\Copy of LOVE004E.wav,220448777.5,1.16921E+13,0,0,0,0,0,0,0,0,11965186.04,2993123043,0,0,0,0,0,0,0,0,1197628304,2.99676E+11,0,0,0,0,0,0,0,0,4.43945E+14,1.71221E+13,0,0,0,0,0,0,8.78869E-07,,0,0,4.53762E+14,7.94193E+11,0,0,0,0,0,0,0,0,4.53599E+16,7.95387E+13,0,0,0,0,0,0,0,0,1.81774E+15
D:\Baya\Thesis\Data\data\Copy of LOVE004G.wav,1578408385,3.14735E+13,0,0,0,0,0,0,0,0,144087629.2,7131208091,0,0,0,0,0,0,0,0,14343113745,7.11669E+11,0,0,0,0,0,0,0,0,4.30322E+14,3.38199E+13,0,0,0,0,0,0,2.13552E-07,1.02148E-06,0,0,4.09011E+14,2.88644E+11,0,0,0,0,0,0,0,0,4.08696E+16,2.87263E+13,0,0,0,0,0,0,0,0,1.74778E+15
D:\Baya\Thesis\Data\data\Copy of LOVE005E.wav,33013557.31,1.53059E+13,0,0,0,0,0,0,0,0,517650.8238,5553828477,0,0,0,0,0,0,0,0,57044655.91,5.54694E+11,0,0,0,0,0,0,0,0,5.14156E+14,3.1501E+13,0,0,0,0,0,0,8.42781E-07,,0,0,5.04608E+14,3.17261E+12,0,0,0,0,0,0,0,0,5.04434E+16,3.17372E+14,0,0,0,0,0,0,0,0,2.04341E+15
D:\Baya\Thesis\Data\data\Copy of LOVE005F.wav,460285807.8,1.61675E+13,0,0,0,0,0,0,0,0,3267039640,5465442708,0,0,0,0,0,0,0,0,3.26706E+11,5.46515E+11,0,0,0,0,0,0,0,0,7.44736E+14,5.58419E+13,0,0,0,0,0,0,1.01885E-07,3.14062E-07,0,0,7.34739E+14,9.05019E+12,0,0,0,0,0,0,0,0,7.34312E+16,9.05012E+14,0,0,0,0,0,0,0,0,2.58362E+15
D:\Baya\Thesis\Data\data\Copy of LOVE005G.wav,59244329.92,2.22376E+13,0,0,0,0,0,0,0,0,189995435.1,9056674650,0,0,0,0,0,0,0,0,19032853655,9.04109E+11,0,0,0,0,0,0,0,0,4.71433E+14,4.90563E+13,0,0,0,0,0,0,7.16076E-07,1.92793E-06,0,0,4.85947E+14,1.38988E+13,0,0,0,0,0,0,0,0,4.85597E+16,1.39044E+15,0,0,0,0,0,0,0,0,1.9714E+15
D:\Baya\Thesis\Data\data\Copy of LOVE006E.wav,1591233069,2.43693E+13,0,0,0,0,0,0,0,0,568151841.8,6936152311,0,0,0,0,0,0,0,0,56875686034,6.93552E+11,0,0,0,0,0,0,0,0,5.11312E+14,4.21867E+13,0,0,0,0,0,0,6.36748E-07,6.5552E-07,0,0,5.14862E+14,9.84708E+12,0,0,0,0,0,0,0,0,5.14504E+16,9.85941E+14,0,0,0,0,0,0,0,0,1.80246E+15
D:\Baya\Thesis\Data\data\Copy of LOVE006F.wav,399282546.3,4.20658E+13,0,0,0,0,0,0,0,0,4919274.025,16089980491,0,0,0,0,0,0,0,0,495098304.6,1.60995E+12,0,0,0,0,0,0,0,0,4.1056E+14,7.57869E+13,0,0,0,0,0,0,2.75103E-07,1.0393E-06,0,0,3.99097E+14,1.22941E+13,0,0,0,0,0,0,0,0,3.98303E+16,1.23303E+15,0,0,0,0,0,0,0,0,1.49349E+15
D:\Baya\Thesis\Data\data\Copy of LOVE006G.wav,125240581.7,1.93023E+13,0,0,0,0,0,0,0,0,26449500.94,9917339553,0,0,0,0,0,0,0,0,3095959226,1.17179E+12,0,0,0,0,0,0,0,0,4.83315E+14,4.61647E+13,0,0,0,0,0,0,5.76141E-07,7.69355E-07,0,0,4.92566E+14,5.72398E+12,0,0,0,0,0,0,0,0,5.77308E+16,6.75405E+14,0,0,0,0,0,0,0,0,2.12261E+15
D:\Baya\Thesis\Data\data\Copy of LOVE007E.wav,1400866936,9.8193E+12,0,0,0,0,0,0,0,0,395089346.4,3792978252,0,0,0,0,0,0,0,0,39430635589,3.79278E+11,0,0,0,0,0,0,0,0,6.30042E+14,2.83964E+13,0,0,0,0,0,0,1.24331E-06,,0,0,6.3103E+14,5.40497E+12,0,0,0,0,0,0,0,0,6.30831E+16,5.40291E+14,0,0,0,0,0,0,0,0,3.15824E+15
D:\Baya\Thesis\Data\data\Copy of LOVE007F.wav,3185746.5,1.55886E+13,0,0,0,0,0,0,0,0,42443173.05,4291785761,0,0,0,0,0,0,0,0,4249214401,4.28642E+11,0,0,0,0,0,0,0,0,3.37135E+14,2.265E+13,0,0,0,0,0,0,2.60493E-07,6.48772E-07,0,0,3.27473E+14,2.16007E+12,0,0,0,0,0,0,0,0,3.27329E+16,2.16002E+14,0,0,0,0,0,0,0,0,1.17251E+15
D:\Baya\Thesis\Data\data\Copy of LOVE007G.wav,338033799.9,2.31628E+13,0,0,0,0,0,0,0,0,55393185.65,8790649712,0,0,0,0,0,0,0,0,5533109928,8.79769E+11,0,0,0,0,0,0,0,0,5.41003E+14,4.43133E+13,0,0,0,0,0,0,2.98757E-06,1.80233E-05,0,0,5.26031E+14,2.08051E+12,0,0,0,0,0,0,0,0,5.25669E+16,2.0758E+14,0,0,0,0,0,0,0,0,2.1814E+15
D:\Baya\Thesis\Data\data\Copy of LOVE008E.wav,10547733.3,1.98885E+13,0,0,0,0,0,0,0,0,1088643.402,6492569919,0,0,0,0,0,0,0,0,108007231.3,6.49214E+11,0,0,0,0,0,0,0,0,4.60191E+14,3.46867E+13,0,0,0,0,0,0,4.69677E-07,1.3754E-06,0,0,4.57962E+14,1.06743E+13,0,0,0,0,0,0,0,0,4.57795E+16,1.06845E+15,0,0,0,0,0,0,0,0,1.81555E+15
D:\Baya\Thesis\Data\data\Copy of LOVE008G.wav,565424017.2,3.15228E+13,0,0,0,0,0,0,0,0,41193871.49,15221690106,0,0,0,0,0,0,0,0,4059098552,1.52209E+12,0,0,0,0,0,0,0,0,6.23413E+14,5.43043E+13,0,0,0,0,0,0,1.66834E-06,5.5999E-07,0,0,6.12335E+14,8.9539E+11,0,0,0,0,0,0,0,0,6.11746E+16,8.9455E+13,0,0,0,0,0,0,0,0,2.09925E+15
D:\Baya\Thesis\Data\data\Copy of LOVE009E.wav,19294491.61,1.93612E+13,0,0,0,0,0,0,0,0,19133535.87,3840745599,0,0,0,0,0,0,0,0,1909914230,3.8349E+11,0,0,0,0,0,0,0,0,4.03303E+14,2.14276E+13,0,0,0,0,0,0,1.65453E-07,3.25184E-07,0,0,4.09578E+14,2.35366E+12,0,0,0,0,0,0,0,0,4.09422E+16,2.35095E+14,0,0,0,0,0,0,0,0,1.4087E+15
D:\Baya\Thesis\Data\data\Copy of LOVE010E.wav,1143656.918,1.16765E+13,0,0,0,0,0,0,0,0,18158751.77,3831692289,0,0,0,0,0,0,0,0,1812511354,3.83142E+11,0,0,0,0,0,0,0,0,3.34007E+14,1.9546E+13,0,0,0,0,0,0,2.92788E-07,2.31467E-06,0,0,3.19322E+14,1.23582E+12,0,0,0,0,0,0,0,0,3.19181E+16,1.23398E+14,0,0,0,0,0,0,0,0,1.14635E+15
D:\Baya\Thesis\Data\data\Copy of LOVE010G.wav,433288781.6,3.35714E+13,0,0,0,0,0,0,0,0,106177131.5,8264380738,0,0,0,0,0,0,0,0,10617672830,8.26438E+11,0,0,0,0,0,0,0,0,5.41158E+14,4.43837E+13,0,0,0,0,0,0,3.48996E-06,,0,0,5.52367E+14,5.22131E+12,0,0,0,0,0,0,0,0,5.51992E+16,5.22131E+14,0,0,0,0,0,0,0,0,3.0262E+15
D:\Baya\Thesis\Data\data\Copy of LOVE011E.wav,28024446.75,8.43172E+12,0,0,0,0,0,0,0,0,72221237.66,2729601952,0,0,0,0,0,0,0,0,7222156756,2.72953E+11,0,0,0,0,0,0,0,0,4.42822E+14,1.45095E+13,0,0,0,0,0,0,6.29027E-07,,0,0,4.28335E+14,2.10279E+12,0,0,0,0,0,0,0,0,4.28336E+16,2.10391E+14,0,0,0,0,0,0,0,0,1.88828E+15
D:\Baya\Thesis\Data\data\Copy of LOVE011G.wav,1009225775,1.06208E+13,0,0,0,0,0,0,0,0,150016516.6,5452853552,0,0,0,0,0,0,0,0,14992081551,5.45275E+11,0,0,0,0,0,0,0,0,8.17853E+14,2.71082E+13,0,0,0,0,0,0,5.85033E-07,6.26766E-07,0,0,8.34327E+14,1.14925E+13,0,0,0,0,0,0,0,0,8.34097E+16,1.14924E+15,0,0,0,0,0,0,0,0,3.27891E+15
D:\Baya\Thesis\Data\data\Copy of LOVE012G.wav,13540132.73,1.75159E+13,0,0,0,0,0,0,0,0,258632553.6,6021829027,0,0,0,0,0,0,0,0,25850424291,6.02181E+11,0,0,0,0,0,0,0,0,2.92679E+14,2.99826E+13,0,0,0,0,0,0,1.68624E-06,2.48095E-07,0,0,3.01781E+14,1.97879E+12,0,0,0,0,0,0,0,0,3.01504E+16,1.97767E+14,0,0,0,0,0,0,0,0,1.25479E+15
D:\Baya\Thesis\Data\data\Copy of LOVE013E.wav,498817785.8,1.35122E+13,0,0,0,0,0,0,0,0,3586777.505,4913772191,0,0,0,0,0,0,0,0,359931697.8,4.91364E+11,0,0,0,0,0,0,0,0,3.75361E+14,2.57628E+13,0,0,0,0,0,0,1.26417E-06,5.28269E-06,0,0,3.74721E+14,2.99493E+11,0,0,0,0,0,0,0,0,3.74567E+16,2.99046E+13,0,0,0,0,0,0,0,0,1.58131E+15
D:\Baya\Thesis\Data\data\Copy of LOVE014E.wav,875693383.8,6.25064E+13,0,0,0,0,0,0,0,0,156880719.3,20661437161,0,0,0,0,0,0,0,0,15727692562,2.06954E+12,0,0,0,0,0,0,0,0,5.65066E+14,9.92732E+13,0,0,0,0,0,0,9.50357E-07,4.41707E-06,0,0,5.9043E+14,1.75179E+13,0,0,0,0,0,0,0,0,5.89463E+16,1.75846E+15,0,0,0,0,0,0,0,0,2.44244E+15
D:\Baya\Thesis\Data\data\Copy of LOVE016E.wav,259236344.6,5.55746E+13,0,0,0,0,0,0,0,0,67107455.13,24516469160,0,0,0,0,0,0,0,0,6776611649,2.45787E+12,0,0,0,0,0,0,0,0,4.9791E+14,1.28735E+14,0,0,0,0,0,0,1.48841E-06,3.93018E-06,0,0,4.44825E+14,1.25196E+13,0,0,0,0,0,0,0,0,4.4348E+16,1.25762E+15,0,0,0,0,0,0,0,0,1.81737E+15
D:\Baya\Thesis\Data\data\Copy of LOVE016G.wav,1830288203,2.56041E+13,0,0,0,0,0,0,0,0,79707067.59,6294016101,0,0,0,0,0,0,0,0,9289931490,7.44707E+11,0,0,0,0,0,0,0,0,5.98227E+14,3.09805E+13,0,0,0,0,0,0,3.85925E-07,,0,0,6.04529E+14,3.6261E+12,0,0,0,0,0,0,0,0,7.08441E+16,4.28033E+14,0,0,0,0,0,0,0,0,2.71834E+15
D:\Baya\Thesis\Data\data\Copy of LOVE017E.wav,205685005.7,4.15477E+13,0,0,0,0,0,0,0,0,35857845.56,30121328538,0,0,0,0,0,0,0,0,3604974973,3.01906E+12,0,0,0,0,0,0,0,0,3.38338E+14,1.30739E+14,0,0,0,0,0,0,2.60068E-06,3.09787E-06,0,0,2.98149E+14,1.6037E+13,0,0,0,0,0,0,0,0,2.96771E+16,1.60691E+15,0,0,0,0,0,0,0,0,1.42321E+15
D:\Baya\Thesis\Data\data\Copy of LOVE018E.wav,378964099.4,3.46143E+13,0,0,0,0,0,0,0,0,167741828.2,21412762991,0,0,0,0,0,0,0,0,16722316162,2.14594E+12,0,0,0,0,0,0,0,0,4.04574E+14,8.47228E+13,0,0,0,0,0,0,1.45085E-06,,0,0,4.07448E+14,6.0259E+12,0,0,0,0,0,0,0,0,4.06642E+16,6.06318E+14,0,0,0,0,0,0,0,0,2.15074E+15
D:\Baya\Thesis\Data\data\Copy of LOVE018G.wav,240857021.8,1.60918E+13,0,0,0,0,0,0,0,0,442981123.2,9087422764,0,0,0,0,0,0,0,0,44434320381,9.07938E+11,0,0,0,0,0,0,0,0,4.44516E+14,3.72395E+13,0,0,0,0,0,0,5.92029E-07,,0,0,4.33189E+14,8.88516E+12,0,0,0,0,0,0,0,0,4.3286E+16,8.89436E+14,0,0,0,0,0,0,0,0,1.89656E+15
D:\Baya\Thesis\Data\data\Copy of LOVE019E.wav,116477466.1,4.95707E+13,0,0,0,0,0,0,0,0,453913.3461,15564606493,0,0,0,0,0,0,0,0,45006834.43,1.5594E+12,0,0,0,0,0,0,0,0,4.70486E+14,7.42772E+13,0,0,0,0,0,0,1.43426E-06,0,0,0,4.67698E+14,3.47371E+12,0,0,0,0,0,0,0,0,4.6701E+16,3.47498E+14,0,0,0,0,0,0,0,0,2.18635E+15
D:\Baya\Thesis\Data\data\Copy of LOVE019G.wav,4753427.711,1.28304E+13,0,0,0,0,0,0,0,0,5442893.48,3997773761,0,0,0,0,0,0,0,0,542475051,3.98731E+11,0,0,0,0,0,0,0,0,2.90063E+14,1.9062E+13,0,0,0,0,0,0,3.70721E-07,0,0,0,2.96226E+14,2.26314E+12,0,0,0,0,0,0,0,0,2.96092E+16,2.25814E+14,0,0,0,0,0,0,0,0,1.17105E+15
D:\Baya\Thesis\Data\data\Copy of LOVE021E.wav,4351057.803,1.00464E+13,0,0,0,0,0,0,0,0,380480872.8,16427208555,0,0,0,0,0,0,0,0,38032600080,1.64067E+12,0,0,0,0,0,0,0,0,3.56745E+14,6.79315E+13,0,0,0,0,0,0,7.65111E-06,1.47663E-05,0,0,4.17386E+14,3.58876E+13,0,0,0,0,0,0,0,0,4.16896E+16,3.58397E+15,0,0,0,0,0,0,0,0,1.93731E+15
D:\Baya\Thesis\Data\data\Copy of LOVE026G.wav,2172471.912,3.54751E+13,0,0,0,0,0,0,0,0,2875852.005,10540907437,0,0,0,0,0,0,0,0,289895076.4,1.05324E+12,0,0,0,0,0,0,0,0,4.85039E+14,5.92632E+13,0,0,0,0,0,0,7.08643E-07,4.36972E-06,0,0,4.89103E+14,6.46665E+12,0,0,0,0,0,0,0,0,4.88575E+16,6.46862E+14,0,0,0,0,0,0,0,0,1.65958E+15
D:\Baya\Thesis\Data\data\Copy of LOVE027G.wav,939362.9708,2.77192E+13,0,0,0,0,0,0,0,0,23322810.88,8269087881,0,0,0,0,0,0,0,0,2717779246,9.74637E+11,0,0,0,0,0,0,0,0,3.89854E+14,4.48355E+13,0,0,0,0,0,0,7.55067E-07,2.01691E-06,0,0,3.91574E+14,4.02925E+12,0,0,0,0,0,0,0,0,4.59211E+16,4.76431E+14,0,0,0,0,0,0,0,0,1.27791E+15
D:\Baya\Thesis\Data\data\Copy of LOVE028G.wav,155819555,2.00148E+13,0,0,0,0,0,0,0,0,20705880.4,5503159256,0,0,0,0,0,0,0,0,2063092797,5.497E+11,0,0,0,0,0,0,0,0,8.03933E+14,2.65444E+13,0,0,0,0,0,0,1.41257E-06,,0,0,8.24713E+14,1.14633E+12,0,0,0,0,0,0,0,0,8.24488E+16,1.14627E+14,0,0,0,0,0,0,0,0,3.45599E+15
D:\Baya\Thesis\Data\data\Copy of LOVE029G.wav,1169480011,2.19318E+13,0,0,0,0,0,0,0,0,687430475.3,8276331325,0,0,0,0,0,0,0,0,80611608673,9.75486E+11,0,0,0,0,0,0,0,0,6.78086E+14,6.29644E+13,0,0,0,0,0,0,3.61052E-07,,0,0,6.25417E+14,1.53018E+13,0,0,0,0,0,0,0,0,7.33319E+16,1.80069E+15,0,0,0,0,0,0,0,0,2.76735E+15
D:\Baya\Thesis\Data\data\Copy of LOVE030G.wav,20070863.83,1.69211E+13,0,0,0,0,0,0,0,0,112061272.6,8039294636,0,0,0,0,0,0,0,0,13067374901,9.45805E+11,0,0,0,0,0,0,0,0,6.38571E+14,4.78079E+13,0,0,0,0,0,0,6.5318E-07,4.45926E-06,0,0,6.26402E+14,6.23081E+12,0,0,0,0,0,0,0,0,7.34726E+16,7.31918E+14,0,0,0,0,0,0,0,0,2.01258E+15
D:\Baya\Thesis\Data\data\Copy of LOVE031G.wav,3755371314,1.87397E+13,0,0,0,0,0,0,0,0,411628733.3,8818908884,0,0,0,0,0,0,0,0,41326561611,8.8183E+11,0,0,0,0,0,0,0,0,3.07089E+14,4.16701E+13,0,0,0,0,0,0,1.85641E-07,1.24962E-07,0,0,3.06114E+14,1.51878E+12,0,0,0,0,0,0,0,0,3.05698E+16,1.52165E+14,0,0,0,0,0,0,0,0,1.08091E+15
D:\Baya\Thesis\Data\data\Copy of LOVE032G.wav,242947626.7,1.12721E+13,0,0,0,0,0,0,0,0,23178745.28,3485212281,0,0,0,0,0,0,0,0,2717934389,4.11229E+11,0,0,0,0,0,0,0,0,2.50303E+14,1.85053E+13,0,0,0,0,0,0,2.43523E-08,3.04978E-07,0,0,2.42014E+14,3.70898E+12,0,0,0,0,0,0,0,0,2.83415E+16,4.36129E+14,0,0,0,0,0,0,0,0,9.5662E+14
D:\Baya\Thesis\Data\data\Copy of LOVE034G.wav,308006542,1.29624E+13,0,0,0,0,0,0,0,0,307951365.2,4120838433,0,0,0,0,0,0,0,0,36018364115,4.85993E+11,0,0,0,0,0,0,0,0,4.7494E+14,2.60037E+13,0,0,0,0,0,0,8.64665E-08,9.56945E-08,0,0,4.73375E+14,9.88827E+12,0,0,0,0,0,0,0,0,5.55048E+16,1.16275E+15,0,0,0,0,0,0,0,0,1.60749E+15
D:\Baya\Thesis\Data\data\Copy of LOVE039G.wav,149451039.4,1.94711E+13,0,0,0,0,0,0,0,0,5021141.138,7522915119,0,0,0,0,0,0,0,0,502062388.4,7.52273E+11,0,0,0,0,0,0,0,0,4.35524E+14,3.31077E+13,0,0,0,0,0,0,2.59487E-07,2.93676E-07,0,0,4.37181E+14,5.84261E+12,0,0,0,0,0,0,0,0,4.36848E+16,5.85021E+14,0,0,0,0,0,0,0,0,1.53152E+15
D:\Baya\Thesis\Data\data\Copy of LOVE042G.wav,8652587.387,2.50815E+13,0,0,0,0,0,0,0,0,21229279.63,10992023032,0,0,0,0,0,0,0,0,2159931521,1.10086E+12,0,0,0,0,0,0,0,0,3.48408E+14,5.67056E+13,0,0,0,0,0,0,1.9946E-07,4.15027E-07,0,0,3.5986E+14,4.55794E+12,0,0,0,0,0,0,0,0,3.59406E+16,4.59383E+14,0,0,0,0,0,0,0,0,1.26697E+15
D:\Baya\Thesis\Data\data\Copy of LOVE043G.wav,186937707.7,3.19796E+13,0,0,0,0,0,0,0,0,17111617.69,14894674471,0,0,0,0,0,0,0,0,1721174442,1.49531E+12,0,0,0,0,0,0,0,0,2.76854E+14,7.33036E+13,0,0,0,0,0,0,3.85846E-07,3.95871E-07,0,0,2.76576E+14,4.00678E+12,0,0,0,0,0,0,0,0,2.75912E+16,4.0356E+14,0,0,0,0,0,0,0,0,1.06894E+15
D:\Baya\Thesis\Data\data\Copy of LOVE045G.wav,3231391352,1.83068E+13,0,0,0,0,0,0,0,0,1118416289,18297959764,0,0,0,0,0,0,0,0,1.11068E+11,1.83736E+12,0,0,0,0,0,0,0,0,4.80303E+14,8.81326E+13,0,0,0,0,0,0,6.15366E-07,3.96261E-07,0,0,4.11818E+14,6.92587E+12,0,0,0,0,0,0,0,0,4.11009E+16,6.93427E+14,0,0,0,0,0,0,0,0,1.49844E+15
D:\Baya\Thesis\Data\data\Copy of LOVE049G.wav,739868301.8,1.22996E+13,0,0,0,0,0,0,0,0,237041403.6,5192482665,0,0,0,0,0,0,0,0,23828661381,5.17459E+11,0,0,0,0,0,0,0,0,3.40147E+14,3.19861E+13,0,0,0,0,0,0,1.38739E-07,1.12535E-06,0,0,2.96724E+14,2.50766E+12,0,0,0,0,0,0,0,0,2.96453E+16,2.51005E+14,0,0,0,0,0,0,0,0,1.11361E+15
D:\Baya\Thesis\Data\data\Copy of LOVE051G.wav,15244052.77,1.99609E+13,0,0,0,0,0,0,0,0,84517590.99,6590110639,0,0,0,0,0,0,0,0,9987561564,7.74144E+11,0,0,0,0,0,0,0,0,3.70933E+14,3.90847E+13,0,0,0,0,0,0,3.00586E-07,9.09421E-07,0,0,3.53622E+14,4.09364E+12,0,0,0,0,0,0,0,0,4.14691E+16,4.8251E+14,0,0,0,0,0,0,0,0,1.45777E+15
D:\Baya\Thesis\Data\data\Copy of LOVE052G.wav,112783033,9.60274E+12,0,0,0,0,0,0,0,0,3681932.225,2634909817,0,0,0,0,0,0,0,0,429466597.8,3.10545E+11,0,0,0,0,0,0,0,0,2.95149E+14,1.46708E+13,0,0,0,0,0,0,1.79656E-07,1.1237E-06,0,0,2.91035E+14,8.67891E+11,0,0,0,0,0,0,0,0,3.41364E+16,1.02742E+14,0,0,0,0,0,0,0,0,1.12533E+15
D:\Baya\Thesis\Data\data\Copy of LOVE056G.wav,908087993.7,1.16579E+13,0,0,0,0,0,0,0,0,2575190.258,2530288181,0,0,0,0,0,0,0,0,279145760.4,2.99068E+11,0,0,0,0,0,0,0,0,3.91915E+14,1.23721E+13,0,0,0,0,0,0,1.21165E-07,2.38006E-07,0,0,3.98235E+14,4.00167E+11,0,0,0,0,0,0,0,0,4.67222E+16,4.75172E+13,0,0,0,0,0,0,0,0,1.25027E+15
D:\Baya\Thesis\Data\data\Copy of LOVE057G.wav,1064589418,1.54167E+13,0,0,0,0,0,0,0,0,134333084.2,3078844884,0,0,0,0,0,0,0,0,15866183452,3.63802E+11,0,0,0,0,0,0,0,0,3.75503E+14,1.73051E+13,0,0,0,0,0,0,1.36027E-07,1.17414E-07,0,0,3.77939E+14,5.61848E+11,0,0,0,0,0,0,0,0,4.43021E+16,6.61949E+13,0,0,0,0,0,0,0,0,1.32266E+15
Grand Total,856454119.6,2.65157E+13,0.000258908,0.662265545,6.88223E-06,0.059265818,0.127991116,255.2271111,8.22184E-05,0.013303789,532873841.4,9940797652,0.000263301,0.000239804,8.97805E-07,3.20551E-06,0.068032245,0.074296164,2.99858E-05,3.85362E-06,55645157459,1.02799E+12,0.026249465,0.024254923,9.4759E-05,0.000373905,6.78711546,7.492581318,0.002984507,0.000384988,5.12857E+14,5.12945E+13,2.407576514,1.244218919,0.005723999,0.026428481,1454.270547,364.1010636,2.00489E-06,6.23618E-06,0.212558577,0.036076222,5.13834E+14,6.28364E+12,2.464463415,0.219466258,0.00567449,0.000321159,1522.252379,110.4755716,0.222165368,0.020813634,5.2993E+16,6.51366E+14,245.9631201,22.00194621,0.577016969,0.032369861,152215.4145,11057.58931,22.22333644,2.082039466,1.9707E+15
